RunNumber,AlignmentRun,GearFile,BeamEnergy,dut_chip,dut_gain,dut_gain_type,ref_chip,ref_gain,ref_gain_type,dut_align_x,dut_align_y,dut_pos_z,dut_tilt,dut_turn,dut_rot,ref_align_x,ref_align_y,ref_pos_z,ref_rot
# Warning: no blank before dut_gain,ref_gain
# Warning: don''''t start with tilt = 0 or turn = 0 oe rot = 0: MillePede won''''t work (sin(0) = 0)'
# Warning: don''''t start with pos_z = 0: GBL crash when planes overlap'
# 2015 beams:,

# JANUAR 25
14309,014309,gear_desy2015_01a.xml,5.6,500,c500-ia24-trim30-A-chiller15-gaincal.dat,desy_weibull_decorr_pos,404,c404-ia27-trim30.dat,desy_weibull_decorr_pos,-1.93849,0.128778,60.2169,13.4274,-0.888236,-0.00464227,-1,-0.1,40,0
14310,014310,gear_desy2015_01a.xml,5.6,500,c500-ia24-trim30-A-chiller15-gaincal.dat,desy_weibull_decorr_pos,404,c404-ia27-trim30.dat,desy_weibull_decorr_pos,-1.94188,0.128681,60.3568,12.297,-0.917107,-0.00457799,-1,-0.1,40,0
14323,014323,gear_desy2015_01a.xml,5.6,500,c500-ia24-trim30-A-chiller15-gaincal.dat,desy_weibull_decorr_pos,404,c404-ia27-trim30.dat,desy_weibull_decorr_pos,-1.93919,0.132488,60.2525,10.1575,-0.801936,-0.00450172,-1,-0.1,40,0
14326,014326,gear_desy2015_01a.xml,5.6,500,c500-ia24-trim30-A-chiller15-gaincal.dat,desy_weibull_decorr_pos,404,c404-ia27-trim30.dat,desy_weibull_decorr_pos,-1.93857,0.132517,60.3649,9.73683,-0.652302,-0.00415017,-1.04285,-0.0422049,40,0
14327,014327,gear_desy2015_01a.xml,5.6,500,c500-ia24-trim30-A-chiller15-gaincal.dat,desy_weibull_decorr_pos,404,c404-ia27-trim30.dat,desy_weibull_decorr_pos,-1.94336,0.131459,60.6443,8.75517,-0.595522,-0.00444926,-1.04409,-0.0442799,40,0
14328,014328,gear_desy2015_01a.xml,5.6,500,c500-ia24-trim30-A-chiller15-gaincal.dat,desy_weibull_decorr_pos,404,c404-ia27-trim30.dat,desy_weibull_decorr_pos,-1.93945,0.130895,60.4406,7.8033,-0.605893,-0.00416044,-1.04347,-0.0428053,40,0
14339,014339,gear_desy2015_01a.xml,5.6,500,c500-ia24-trim30-A-chiller15-gaincal.dat,desy_weibull_decorr_pos,404,c404-ia27-trim30.dat,desy_weibull_decorr_pos,-1.93631,0.128004,60.782,14.6923,-0.746153,-0.00485329,-1.04282,-0.0422827,40,0
14342,014342,gear_desy2015_01a.xml,5.6,500,c500-ia24-trim30-A-chiller15-gaincal.dat,desy_weibull_decorr_pos,404,c404-ia27-trim30.dat,desy_weibull_decorr_pos,-1.93579,0.125798,61.0608,15.6719,-0.764201,-0.00467963,-1.04331,-0.0427724,40,0
14352,014352,gear_desy2015_01a.xml,5.6,500,c500-ia24-trim30-A-chiller15-gaincal.dat,desy_weibull_decorr_pos,404,c404-ia27-trim30.dat,desy_weibull_decorr_pos,-1.92156895,0.134291996,59.8713695,17.0923522,-0.832515058,-0.0056048102,-1,-0.1,40,0



14353,014353,gear_desy2015_01a.xml,5.6,500,c500-ia24-trim30-A-chiller15-gaincal.dat,desy_weibull_decorr_pos,404,c404-ia27-trim30.dat,desy_weibull_decorr_pos,-1.93393,0.124138,60.2525,18.2,0.00001,-0.00411861,-1,-0.1,40,0
14354,014354,gear_desy2015_01a.xml,5.6,500,c500-ia24-trim30-A-chiller15-gaincal.dat,desy_weibull_decorr_pos,404,c404-ia27-trim30.dat,desy_weibull_decorr_pos,-1.93393,0.124138,60.2525,18.2,0.00001,-0.00411861,-1,-0.1,40,0
14355,014355,gear_desy2015_01a.xml,5.6,500,c500-ia24-trim30-A-chiller15-gaincal.dat,desy_weibull_decorr_pos,404,c404-ia27-trim30.dat,desy_weibull_decorr_pos,-1.93393,0.124138,60.2525,18.2,0.00001,-0.00411861,-1,-0.1,40,0
14356,014356,gear_desy2015_01a.xml,5.6,500,c500-ia24-trim30-A-chiller15-gaincal.dat,desy_weibull_decorr_pos,404,c404-ia27-trim30.dat,desy_weibull_decorr_pos,-1.93393,0.124138,60.2525,21.3,0.00001,-0.00411861,-1,-0.1,40,0
14357,014357,gear_desy2015_01a.xml,5.6,500,c500-ia24-trim30-A-chiller15-gaincal.dat,desy_weibull_decorr_pos,404,c404-ia27-trim30.dat,desy_weibull_decorr_pos,-1.90666,0.13078,60.8034,21.2549,-1.01922,-0.00571951,-1,-0.1,40,0
14358,014358,gear_desy2015_01a.xml,5.6,500,c500-ia24-trim30-A-chiller15-gaincal.dat,desy_weibull_decorr_pos,404,c404-ia27-trim30.dat,desy_weibull_decorr_pos,-1.95917,0.095901,60.6874,23.2271,-1.04879,-0.00589131,-1,-0.1,40,0
14359,014359,gear_desy2015_01a.xml,5.6,500,c500-ia24-trim30-A-chiller15-gaincal.dat,desy_weibull_decorr_pos,404,c404-ia27-trim30.dat,desy_weibull_decorr_pos,-1.95751,0.09553,60.6801,23.45,-1.04128,-0.00579311,-1,-0.1,40,0
14360,014360,gear_desy2015_01a.xml,5.6,500,c500-ia24-trim30-A-chiller15-gaincal.dat,desy_weibull_decorr_pos,404,c404-ia27-trim30.dat,desy_weibull_decorr_pos,-1.96051,0.080604,60.9001,25.2579,-1.05131,-0.00549481,-1,-0.1,40,0
14361,014361,gear_desy2015_01a.xml,5.6,500,c500-ia24-trim30-A-chiller15-gaincal.dat,desy_weibull_decorr_pos,404,c404-ia27-trim30.dat,desy_weibull_decorr_pos,-1.95249,0.08464,60.7656,26.1572,-1.06403,-0.00611001,-1,-0.1,40,0

# above: aligned.

# above: prealigned.



# JANUAR 29
14362,014362,gear_desy2015_01a.xml,5.6,500,c500-ia24-trim30-chiller15-gaincal.dat,desy_weibull_decorr_pos,404,c404-ia27-trim30.dat,desy_weibull_decorr_pos,-1.93393,0.124138,60.2525,0.24,0.00001,-0.00411861,-1,-0.1,40,0
14363,014363,gear_desy2015_01a.xml,5.6,500,c500-ia24-trim30-chiller15-gaincal.dat,desy_weibull_decorr_pos,404,c404-ia27-trim30.dat,desy_weibull_decorr_pos,-1.93393,0.124138,60.2525,0.24,0.00001,-0.00411861,-1,-0.1,40,0
14364,014364,gear_desy2015_01a.xml,5.6,500,c500-ia24-trim30-chiller15-gaincal.dat,desy_weibull_decorr_pos,404,c404-ia27-trim30.dat,desy_weibull_decorr_pos,-1.93393,0.124138,60.2525,0.24,0.00001,-0.00411861,-1,-0.1,40,0
14366,014366,gear_desy2015_01a.xml,5.6,500,c500-ia23-trim30-chiller15-gaincal.dat,desy_weibull_decorr_pos,404,c404-ia27-trim30.dat,desy_weibull_decorr_pos,-1.93393,0.124138,60.2525,0.24,0.00001,-0.00411861,-1,-0.1,40,0
14367,014367,gear_desy2015_01a.xml,5.6,500,c500-ia22-trim30-chiller15-gaincal.dat,desy_weibull_decorr_pos,404,c404-ia27-trim30.dat,desy_weibull_decorr_pos,-1.93393,0.124138,60.2525,0.24,0.00001,-0.00411861,-1,-0.1,40,0
14369,014369,gear_desy2015_01a.xml,5.6,500,c500-ia21-trim30-chiller15-gaincal.dat,desy_weibull_decorr_pos,404,c404-ia27-trim30.dat,desy_weibull_decorr_pos,-1.93393,0.124138,60.2525,0.24,0.00001,-0.00411861,-1,-0.1,40,0
14371,014371,gear_desy2015_01a.xml,5.6,500,c500-ia25-trim30-chiller15-gaincal.dat,desy_weibull_decorr_pos,404,c404-ia27-trim30.dat,desy_weibull_decorr_pos,-1.93393,0.124138,60.2525,0.24,0.00001,-0.00411861,-1,-0.1,40,0
14372,014372,gear_desy2015_01a.xml,5.6,500,c500-ia27-trim30-chiller15-gaincal.dat,desy_weibull_decorr_pos,404,c404-ia27-trim30.dat,desy_weibull_decorr_pos,-1.93393,0.124138,60.2525,0.24,0.00001,-0.00411861,-1,-0.1,40,0
14373,014373,gear_desy2015_01a.xml,5.6,500,c500-ia24-trim30-chiller15-gaincal.dat,desy_weibull_decorr_pos,404,c404-ia27-trim30.dat,desy_weibull_decorr_pos,-1.93393,0.124138,60.2525,0.24,0.00001,-0.00411861,-1,-0.1,40,0
14374,014374,gear_desy2015_01a.xml,5.6,500,c500-ia24-trim30-chiller15-gaincal.dat,desy_weibull_decorr_pos,404,c404-ia27-trim30.dat,desy_weibull_decorr_pos,-1.93393,0.124138,60.2525,0.24,0.00001,-0.00411861,-1,-0.1,40,0
14375,014375,gear_desy2015_01a.xml,5.6,500,c500-ia24-trim30-chiller15-gaincal.dat,desy_weibull_decorr_pos,404,c404-ia27-trim30.dat,desy_weibull_decorr_pos,-1.93393,0.124138,60.2525,0.24,0.00001,-0.00411861,-1,-0.1,40,0
14376,014376,gear_desy2015_01a.xml,5.6,500,c500-ia24-trim30-chiller15-gaincal.dat,desy_weibull_decorr_pos,404,c404-ia27-trim30.dat,desy_weibull_decorr_pos,-1.93393,0.124138,60.2525,0.24,0.00001,-0.00411861,-1,-0.1,40,0
14377,014377,gear_desy2015_01a.xml,5.6,500,c500-ia24-trim30-chiller15-gaincal.dat,desy_weibull_decorr_pos,404,c404-ia27-trim30.dat,desy_weibull_decorr_pos,-1.93393,0.124138,60.2525,0.24,0.00001,-0.00411861,-1,-0.1,40,0
14378,014378,gear_desy2015_01a.xml,5.6,500,c500-ia24-trim30-chiller15-gaincal.dat,desy_weibull_decorr_pos,404,c404-ia27-trim30.dat,desy_weibull_decorr_pos,-1.93393,0.124138,60.2525,0.24,0.00001,-0.00411861,-1,-0.1,40,0
14379,014379,gear_desy2015_01a.xml,5.6,500,c500-ia24-trim30-chiller15-gaincal.dat,desy_weibull_decorr_pos,404,c404-ia27-trim30.dat,desy_weibull_decorr_pos,-1.93393,0.124138,60.2525,0.24,0.00001,-0.00411861,-1,-0.1,40,0


# JANUAR 30
14392,014392,gear_desy2015_01a.xml,5.6,500,c500-ia23-trim30-chiller15-gaincal.dat,desy_weibull_decorr_pos,404,c404-ia27-trim30.dat,desy_weibull_decorr_pos,-1.93393,0.124138,60.2525,18.7,0.00001,-0.00411861,-1,-0.1,40,0
14393,014393,gear_desy2015_01a.xml,5.6,500,c500-ia23-trim30-chiller15-gaincal.dat,desy_weibull_decorr_pos,404,c404-ia27-trim30.dat,desy_weibull_decorr_pos,-1.93393,0.124138,60.2525,18.7,0.00001,-0.00411861,-1,-0.1,40,0
14394,014394,gear_desy2015_01a.xml,5.6,500,c500-ia22-trim30-chiller15-gaincal.dat,desy_weibull_decorr_pos,404,c404-ia27-trim30.dat,desy_weibull_decorr_pos,-1.93393,0.124138,60.2525,18.7,0.00001,-0.00411861,-1,-0.1,40,0
14396,014396,gear_desy2015_01a.xml,5.6,500,c500-ia21-trim30-chiller15-gaincal.dat,desy_weibull_decorr_pos,404,c404-ia27-trim30.dat,desy_weibull_decorr_pos,-1.93393,0.124138,60.2525,18.7,0.00001,-0.00411861,-1,-0.1,40,0
14398,014398,gear_desy2015_01a.xml,5.6,500,c500-ia25-trim30-chiller15-gaincal.dat,desy_weibull_decorr_pos,404,c404-ia27-trim30.dat,desy_weibull_decorr_pos,-1.93393,0.124138,60.2525,18.7,0.00001,-0.00411861,-1,-0.1,40,0
14401,014401,gear_desy2015_01a.xml,5.6,500,c500-ia27-trim30-chiller15-gaincal.dat,desy_weibull_decorr_pos,404,c404-ia27-trim30.dat,desy_weibull_decorr_pos,-1.93393,0.124138,60.2525,18.7,0.00001,-0.00411861,-1,-0.1,40,0
14403,014403,gear_desy2015_01a.xml,5.6,500,c500-ia24-trim30-chiller15-gaincal.dat,desy_weibull_decorr_pos,404,c404-ia27-trim30.dat,desy_weibull_decorr_pos,-1.93393,0.124138,60.2525,18.7,0.00001,-0.00411861,-1,-0.1,40,0

14404,014404,gear_desy2015_01a.xml,5.6,500,c500-ia24-trim30-chiller15-gaincal.dat,desy_weibull_decorr_pos,404,c404-ia27-trim30.dat,desy_weibull_decorr_pos,-1.93393,0.124138,60.2525,18.7,0.00001,-0.00411861,-1,-0.1,40,0
14405,014405,gear_desy2015_01a.xml,5.6,500,c500-ia24-trim30-chiller15-gaincal.dat,desy_weibull_decorr_pos,404,c404-ia27-trim30.dat,desy_weibull_decorr_pos,-1.93393,0.124138,60.2525,18.7,0.00001,-0.00411861,-1,-0.1,40,0
14406,014406,gear_desy2015_01a.xml,5.6,500,c500-ia24-trim30-chiller15-gaincal.dat,desy_weibull_decorr_pos,404,c404-ia27-trim30.dat,desy_weibull_decorr_pos,-1.93393,0.124138,60.2525,18.7,0.00001,-0.00411861,-1,-0.1,40,0
14407,014407,gear_desy2015_01a.xml,5.6,500,c500-ia24-trim30-chiller15-gaincal.dat,desy_weibull_decorr_pos,404,c404-ia27-trim30.dat,desy_weibull_decorr_pos,-1.93393,0.124138,60.2525,18.7,0.00001,-0.00411861,-1,-0.1,40,0
14408,014408,gear_desy2015_01a.xml,5.6,500,c500-ia24-trim30-chiller15-gaincal.dat,desy_weibull_decorr_pos,404,c404-ia27-trim30.dat,desy_weibull_decorr_pos,-1.93393,0.124138,60.2525,18.7,0.00001,-0.00411861,-1,-0.1,40,0
14409,014409,gear_desy2015_01a.xml,5.6,500,c500-ia24-trim30-chiller15-gaincal.dat,desy_weibull_decorr_pos,404,c404-ia27-trim30.dat,desy_weibull_decorr_pos,-1.93393,0.124138,60.2525,18.7,0.00001,-0.00411861,-1,-0.1,40,0
14410,014410,gear_desy2015_01a.xml,5.6,500,c500-ia24-trim30-chiller15-gaincal.dat,desy_weibull_decorr_pos,404,c404-ia27-trim30.dat,desy_weibull_decorr_pos,-1.93393,0.124138,60.2525,18.7,0.00001,-0.00411861,-1,-0.1,40,0
14411,014411,gear_desy2015_01a.xml,5.6,500,c500-ia24-trim30-chiller15-gaincal.dat,desy_weibull_decorr_pos,404,c404-ia27-trim30.dat,desy_weibull_decorr_pos,-1.93393,0.124138,60.2525,18.7,0.00001,-0.00411861,-1,-0.1,40,0
14412,014412,gear_desy2015_01a.xml,5.6,500,c500-ia24-trim30-chiller15-gaincal.dat,desy_weibull_decorr_pos,404,c404-ia27-trim30.dat,desy_weibull_decorr_pos,-1.93393,0.124138,60.2525,18.7,0.00001,-0.00411861,-1,-0.1,40,0
14413,014413,gear_desy2015_01a.xml,5.6,500,c500-ia24-trim30-chiller15-gaincal.dat,desy_weibull_decorr_pos,404,c404-ia27-trim30.dat,desy_weibull_decorr_pos,-1.93393,0.124138,60.2525,18.7,0.00001,-0.00411861,-1,-0.1,40,0
14414,014414,gear_desy2015_01a.xml,5.6,500,c500-ia24-trim30-chiller15-gaincal.dat,desy_weibull_decorr_pos,404,c404-ia27-trim30.dat,desy_weibull_decorr_pos,-1.93393,0.124138,60.2525,18.7,0.00001,-0.00411861,-1,-0.1,40,0
14415,014415,gear_desy2015_01a.xml,5.6,500,c500-ia24-trim30-chiller15-gaincal.dat,desy_weibull_decorr_pos,404,c404-ia27-trim30.dat,desy_weibull_decorr_pos,-1.93393,0.124138,60.2525,18.7,0.00001,-0.00411861,-1,-0.1,40,0
14416,014416,gear_desy2015_01a.xml,5.6,500,c500-ia24-trim30-chiller15-gaincal.dat,desy_weibull_decorr_pos,404,c404-ia27-trim30.dat,desy_weibull_decorr_pos,-1.93393,0.124138,60.2525,18.7,0.00001,-0.00411861,-1,-0.1,40,0
14417,014417,gear_desy2015_01a.xml,5.6,500,c500-ia24-trim30-chiller15-gaincal.dat,desy_weibull_decorr_pos,404,c404-ia27-trim30.dat,desy_weibull_decorr_pos,-1.93393,0.124138,60.2525,18.7,0.00001,-0.00411861,-1,-0.1,40,0
14418,014418,gear_desy2015_01a.xml,5.6,500,c500-ia24-trim30-chiller15-gaincal.dat,desy_weibull_decorr_pos,404,c404-ia27-trim30.dat,desy_weibull_decorr_pos,-1.93393,0.124138,60.2525,18.7,0.00001,-0.00411861,-1,-0.1,40,0
14419,014419,gear_desy2015_01a.xml,5.6,500,c500-ia24-trim30-chiller15-gaincal.dat,desy_weibull_decorr_pos,404,c404-ia27-trim30.dat,desy_weibull_decorr_pos,-1.93393,0.124138,60.2525,18.7,0.00001,-0.00411861,-1,-0.1,40,0
14420,014420,gear_desy2015_01a.xml,5.6,500,c500-ia24-trim30-chiller15-gaincal.dat,desy_weibull_decorr_pos,404,c404-ia27-trim30.dat,desy_weibull_decorr_pos,-1.93393,0.124138,60.2525,18.7,0.00001,-0.00411861,-1,-0.1,40,0
14421,014421,gear_desy2015_01a.xml,5.6,500,c500-ia24-trim30-chiller15-gaincal.dat,desy_weibull_decorr_pos,404,c404-ia27-trim30.dat,desy_weibull_decorr_pos,-1.93393,0.124138,60.2525,18.7,0.00001,-0.00411861,-1,-0.1,40,0
14422,014422,gear_desy2015_01a.xml,5.6,500,c500-ia24-trim30-chiller15-gaincal.dat,desy_weibull_decorr_pos,404,c404-ia27-trim30.dat,desy_weibull_decorr_pos,-1.93393,0.124138,60.2525,18.7,0.00001,-0.00411861,-1,-0.1,40,0


# JANUAR 31
14470,014470,gear_desy2015_01a.xml,5.6,500,c500-ia24-trim30-chiller15-gaincal.dat,desy_weibull_decorr_pos,404,c404-ia27-trim30.dat,desy_weibull_decorr_pos,-1.93393,0.124138,60.2525,19.1,0.00001,-0.00411861,-1,-0.1,40,0
14471,014471,gear_desy2015_01a.xml,5.6,500,c500-ia24-trim30-chiller15-gaincal.dat,desy_weibull_decorr_pos,404,c404-ia27-trim30.dat,desy_weibull_decorr_pos,-1.93393,0.124138,60.2525,19.1,0.00001,-0.00411861,-1,-0.1,40,0
14472,014472,gear_desy2015_01a.xml,5.6,500,c500-ia24-trim30-chiller15-gaincal.dat,desy_weibull_decorr_pos,404,c404-ia27-trim30.dat,desy_weibull_decorr_pos,-1.93393,0.124138,60.2525,19.1,0.00001,-0.00411861,-1,-0.1,40,0
14473,014473,gear_desy2015_01a.xml,5.6,500,c500-ia24-trim30-chiller15-gaincal.dat,desy_weibull_decorr_pos,404,c404-ia27-trim30.dat,desy_weibull_decorr_pos,-1.93393,0.124138,60.2525,19.1,0.00001,-0.00411861,-1,-0.1,40,0
14474,014474,gear_desy2015_01a.xml,5.6,500,c500-ia24-trim30-chiller15-gaincal.dat,desy_weibull_decorr_pos,404,c404-ia27-trim30.dat,desy_weibull_decorr_pos,-1.93393,0.124138,60.2525,19.1,0.00001,-0.00411861,-1,-0.1,40,0
14475,014475,gear_desy2015_01a.xml,5.6,500,c500-ia24-trim30-chiller15-gaincal.dat,desy_weibull_decorr_pos,404,c404-ia27-trim30.dat,desy_weibull_decorr_pos,-1.93393,0.124138,60.2525,19.1,0.00001,-0.00411861,-1,-0.1,40,0
14476,014476,gear_desy2015_01a.xml,5.6,500,c500-ia24-trim30-chiller15-gaincal.dat,desy_weibull_decorr_pos,404,c404-ia27-trim30.dat,desy_weibull_decorr_pos,-1.93393,0.124138,60.2525,19.1,0.00001,-0.00411861,-1,-0.1,40,0
14477,014477,gear_desy2015_01a.xml,5.6,500,c500-ia24-trim30-chiller15-gaincal.dat,desy_weibull_decorr_pos,404,c404-ia27-trim30.dat,desy_weibull_decorr_pos,-1.93393,0.124138,60.2525,19.1,0.00001,-0.00411861,-1,-0.1,40,0
14478,014478,gear_desy2015_01a.xml,5.6,500,c500-ia24-trim30-chiller15-gaincal.dat,desy_weibull_decorr_pos,404,c404-ia27-trim30.dat,desy_weibull_decorr_pos,-1.93393,0.124138,60.2525,19.1,0.00001,-0.00411861,-1,-0.1,40,0
14479,014479,gear_desy2015_01a.xml,5.6,500,c500-ia24-trim30-chiller15-gaincal.dat,desy_weibull_decorr_pos,404,c404-ia27-trim30.dat,desy_weibull_decorr_pos,-1.93393,0.124138,60.2525,19.1,0.00001,-0.00411861,-1,-0.1,40,0
14480,014480,gear_desy2015_01a.xml,5.6,500,c500-ia24-trim30-chiller15-gaincal.dat,desy_weibull_decorr_pos,404,c404-ia27-trim30.dat,desy_weibull_decorr_pos,-1.93393,0.124138,60.2525,19.1,0.00001,-0.00411861,-1,-0.1,40,0
14481,014481,gear_desy2015_01a.xml,5.6,500,c500-ia24-trim30-chiller15-gaincal.dat,desy_weibull_decorr_pos,404,c404-ia27-trim30.dat,desy_weibull_decorr_pos,-1.93393,0.124138,60.2525,19.1,0.00001,-0.00411861,-1,-0.1,40,0
14482,014482,gear_desy2015_01a.xml,5.6,500,c500-ia24-trim30-chiller15-gaincal.dat,desy_weibull_decorr_pos,404,c404-ia27-trim30.dat,desy_weibull_decorr_pos,-1.93393,0.124138,60.2525,19.1,0.00001,-0.00411861,-1,-0.1,40,0
14483,014483,gear_desy2015_01a.xml,5.6,500,c500-ia24-trim30-chiller15-gaincal.dat,desy_weibull_decorr_pos,404,c404-ia27-trim30.dat,desy_weibull_decorr_pos,-1.93393,0.124138,60.2525,19.1,0.00001,-0.00411861,-1,-0.1,40,0
14484,014484,gear_desy2015_01a.xml,5.6,500,c500-ia24-trim30-chiller15-gaincal.dat,desy_weibull_decorr_pos,404,c404-ia27-trim30.dat,desy_weibull_decorr_pos,-1.93393,0.124138,60.2525,19.1,0.00001,-0.00411861,-1,-0.1,40,0
14485,014485,gear_desy2015_01a.xml,5.6,500,c500-ia24-trim30-chiller15-gaincal.dat,desy_weibull_decorr_pos,404,c404-ia27-trim30.dat,desy_weibull_decorr_pos,-1.93393,0.124138,60.2525,19.1,0.00001,-0.00411861,-1,-0.1,40,0
14486,014486,gear_desy2015_01a.xml,5.6,500,c500-ia24-trim30-chiller15-gaincal.dat,desy_weibull_decorr_pos,404,c404-ia27-trim30.dat,desy_weibull_decorr_pos,-1.93393,0.124138,60.2525,19.1,0.00001,-0.00411861,-1,-0.1,40,0



# CHIP 504
# FEBRUARY 22
14614,014614,gear_desy2015_02a.xml,5.5999999,504,c504-ia24-trim30tb-gaincal.dat,desy_weibull_decorr_pos,404,c404-ia27-trim30.dat,desy_weibull_decorr_pos,0.476004299,-0.940841514,55.2005846,20.0250102,-0.944797404,-0.0094525102,1.55497003,-1.32696998,40,0

14615,014614,gear_desy2015_02a.xml,5.6,504,c504-ia24-trim30tb-gaincal.dat,desy_weibull_decorr_pos,404,c404-ia27-trim30.dat,desy_weibull_decorr_pos,0.475035,-0.932718,55.2525,20,0.00001,-0.00411861,1.55599,-1.33074,40,0
14616,014614,gear_desy2015_02a.xml,5.6,504,c504-ia24-trim30tb-gaincal.dat,desy_weibull_decorr_pos,404,c404-ia27-trim30.dat,desy_weibull_decorr_pos,0.475039,-0.931019,55.2525,20,0.00001,-0.00411861,1.56002,-1.32841,40,0
14617,014614,gear_desy2015_02a.xml,5.6,504,c504-ia24-trim30tb-gaincal.dat,desy_weibull_decorr_pos,404,c404-ia27-trim30.dat,desy_weibull_decorr_pos,0.475065,-0.931336,55.2525,20,0.00001,-0.00411861,1.55975,-1.33097,40,0
14618,014614,gear_desy2015_02a.xml,5.6,504,c504-ia24-trim30tb-gaincal.dat,desy_weibull_decorr_pos,404,c404-ia27-trim30.dat,desy_weibull_decorr_pos,0.475103,-0.930277,55.2525,20,0.00001,-0.00411861,1.63821,-1.32798,40,0
14619,014614,gear_desy2015_02a.xml,5.6,504,c504-ia24-trim30tb-gaincal.dat,desy_weibull_decorr_pos,404,c404-ia27-trim30.dat,desy_weibull_decorr_pos,0.475114,-0.930305,55.2525,20,0.00001,-0.00411861,1.56157,-1.32825,40,0
14620,014614,gear_desy2015_02a.xml,5.6,504,c504-ia24-trim30tb-gaincal.dat,desy_weibull_decorr_pos,404,c404-ia27-trim30.dat,desy_weibull_decorr_pos,0.524642,-0.930179,55.2525,20,0.00001,-0.00411861,1.56282,-1.32664,40,0
14621,014614,gear_desy2015_02a.xml,5.6,504,c504-ia24-trim30tb-gaincal.dat,desy_weibull_decorr_pos,404,c404-ia27-trim30.dat,desy_weibull_decorr_pos,0.475071,-0.931089,55.2525,20,0.00001,-0.00411861,1.56326,-1.32902,40,0

14622,014614,gear_desy2015_02a.xml,5.6,504,c504-ia24-trim30tb-gaincal.dat,desy_weibull_decorr_pos,404,c404-ia27-trim30.dat,desy_weibull_decorr_pos,0.481361,-0.937511,55.3805,20.0321,-0.929098,-0.00951231,1.56273,-1.32908,40,0
14623,014614,gear_desy2015_02a.xml,5.6,504,c504-ia24-trim30tb-gaincal.dat,desy_weibull_decorr_pos,404,c404-ia27-trim30.dat,desy_weibull_decorr_pos,0.480899,-0.93574,55.3392,20.0337,-0.916837,-0.00948521,1.56153,-1.32802,40,0
14624,014614,gear_desy2015_02a.xml,5.6,504,c504-ia24-trim30tb-gaincal.dat,desy_weibull_decorr_pos,404,c404-ia27-trim30.dat,desy_weibull_decorr_pos,0.479809,-0.934158,55.3127,20.0367,-0.921994,-0.00949711,1.56069,-1.32928,40,0
14625,014614,gear_desy2015_02a.xml,5.6,504,c504-ia24-trim30tb-gaincal.dat,desy_weibull_decorr_pos,404,c404-ia27-trim30.dat,desy_weibull_decorr_pos,0.47906,-0.934168,55.246,20.0397,-0.922567,-0.00950961,1.56166,-1.32677,40,0
14626,014614,gear_desy2015_02a.xml,5.6,504,c504-ia24-trim30tb-gaincal.dat,desy_weibull_decorr_pos,404,c404-ia27-trim30.dat,desy_weibull_decorr_pos,0.479037,-0.934743,55.2972,20.0391,-0.924916,-0.00952341,1.63843,-1.32775,40,0
14627,014614,gear_desy2015_02a.xml,5.6,504,c504-ia24-trim30tb-gaincal.dat,desy_weibull_decorr_pos,404,c404-ia27-trim30.dat,desy_weibull_decorr_pos,0.477934,-0.93455,55.3381,20.034,-0.92228,-0.00950361,1.63903,-1.32988,40,0
14628,014614,gear_desy2015_02a.xml,5.6,504,c504-ia24-trim30tb-gaincal.dat,desy_weibull_decorr_pos,404,c404-ia27-trim30.dat,desy_weibull_decorr_pos,0.478197,-0.933767,55.2243,20.0354,-0.92927,-0.00949561,1.56239,-1.27292,40,0
14629,014614,gear_desy2015_02a.xml,5.6,504,c504-ia24-trim30tb-gaincal.dat,desy_weibull_decorr_pos,404,c404-ia27-trim30.dat,desy_weibull_decorr_pos,0.478858,-0.933928,55.3652,20.0372,-0.915061,-0.00947391,1.63711,-1.32957,40,0
14630,014614,gear_desy2015_02a.xml,5.6,504,c504-ia24-trim30tb-gaincal.dat,desy_weibull_decorr_pos,404,c404-ia27-trim30.dat,desy_weibull_decorr_pos,0.478955,-0.933915,55.3403,20.0398,-0.921994,-0.00947421,1.63846,-1.32887,40,0
14631,014614,gear_desy2015_02a.xml,5.6,504,c504-ia24-trim30tb-gaincal.dat,desy_weibull_decorr_pos,404,c404-ia27-trim30.dat,desy_weibull_decorr_pos,0.478449,-0.933305,55.3227,20.0344,-0.91678,-0.00950631,1.56148,-1.27203,40,0
14632,014614,gear_desy2015_02a.xml,5.6,504,c504-ia24-trim30tb-gaincal.dat,desy_weibull_decorr_pos,404,c404-ia27-trim30.dat,desy_weibull_decorr_pos,0.478372,-0.932488,55.3164,20.0382,-0.930473,-0.00950051,1.56265,-1.32874,40,0
14633,014614,gear_desy2015_02a.xml,5.6,504,c504-ia24-trim30tb-gaincal.dat,desy_weibull_decorr_pos,404,c404-ia27-trim30.dat,desy_weibull_decorr_pos,0.478397,-0.933137,55.2847,20.0368,-0.912654,-0.00948951,1.63759,-1.32823,40,0
14634,014614,gear_desy2015_02a.xml,5.6,504,c504-ia24-trim30tb-gaincal.dat,desy_weibull_decorr_pos,404,c404-ia27-trim30.dat,desy_weibull_decorr_pos,0.478332,-0.933863,55.2569,20.0387,-0.916264,-0.00949271,1.56166,-1.27259,40,0

14635,014635,gear_desy2015_02a.xml,5.6,504,c504-ia24-trim30tb-gaincal.dat,desy_weibull_decorr_pos,404,c404-ia27-trim30.dat,desy_weibull_decorr_pos,0.475039,-0.928611,55.2525,20,0.00001,-0.00411861,1.55984,-1.32841,40,0
14636,014636,gear_desy2015_02a.xml,5.6,504,c504-ia24-trim30tb-gaincal.dat,desy_weibull_decorr_pos,404,c404-ia27-trim30.dat,desy_weibull_decorr_pos,0.475045,-0.928561,55.2525,20,0.00001,-0.00411861,1.6377,-1.3289,40,0
14637,014637,gear_desy2015_02a.xml,5.6,504,c504-ia24-trim30tb-gaincal.dat,desy_weibull_decorr_pos,404,c404-ia27-trim30.dat,desy_weibull_decorr_pos,0.475094,-0.929369,55.2525,20,0.00001,-0.00411861,1.5623,-1.32658,40,0
14638,014638,gear_desy2015_02a.xml,5.6,504,c504-ia24-trim30tb-gaincal.dat,desy_weibull_decorr_pos,404,c404-ia27-trim30.dat,desy_weibull_decorr_pos,0.524533,-0.928305,55.2525,20,0.00001,-0.00411861,1.63799,-1.32793,40,0
14639,014639,gear_desy2015_02a.xml,5.6,504,c504-ia24-trim30tb-gaincal.dat,desy_weibull_decorr_pos,404,c404-ia27-trim30.dat,desy_weibull_decorr_pos,0.475058,-0.931427,55.2525,20,0.00001,-0.00411861,1.56219,-1.32795,40,0
14640,014640,gear_desy2015_02a.xml,5.6,504,c504-ia24-trim30tb-gaincal.dat,desy_weibull_decorr_pos,404,c404-ia27-trim30.dat,desy_weibull_decorr_pos,0.474992,-0.929976,55.2525,20,0.00001,-0.00411861,1.56032,-1.32871,40,0
14641,014641,gear_desy2015_02a.xml,5.6,504,c504-ia24-trim30tb-gaincal.dat,desy_weibull_decorr_pos,404,c404-ia27-trim30.dat,desy_weibull_decorr_pos,0.475037,-0.930222,55.2525,20,0.00001,-0.00411861,1.56204,-1.33016,40,0
14642,014642,gear_desy2015_02a.xml,5.6,504,c504-ia24-trim30tb-gaincal.dat,desy_weibull_decorr_pos,404,c404-ia27-trim30.dat,desy_weibull_decorr_pos,0.475085,-0.925796,55.2525,20,0.00001,-0.00411861,1.56178,-1.27246,40,0
14643,014643,gear_desy2015_02a.xml,5.6,504,c504-ia24-trim30tb-gaincal.dat,desy_weibull_decorr_pos,404,c404-ia27-trim30.dat,desy_weibull_decorr_pos,0.524817,-0.927763,55.2525,20,0.00001,-0.00411861,1.56327,-1.27188,40,0


# APRIL 8
15384,015384,gear_desy2015_04a.xml,5.6,504,c504-ia24-trim32-gaincal.dat,desy_weibull_decorr_pos,404,c404-ia27-trim30.dat,desy_weibull_decorr_pos,-1.93393,0.124138,55.2525,21,0.00001,-0.00411861,-1,-0.1,40,0
15385,015385,gear_desy2015_04a.xml,5.6,504,c504-ia24-trim32-gaincal.dat,desy_weibull_decorr_pos,404,c404-ia27-trim30.dat,desy_weibull_decorr_pos,-1.93393,0.124138,55.2525,21,0.00001,-0.00411861,-1,-0.1,40,0
15386,015386,gear_desy2015_04a.xml,5.6,504,c504-ia24-trim32-gaincal.dat,desy_weibull_decorr_pos,404,c404-ia27-trim30.dat,desy_weibull_decorr_pos,-1.93393,0.124138,55.2525,21,0.00001,-0.00411861,-1,-0.1,40,0
15387,015387,gear_desy2015_04a.xml,5.6,504,c504-ia24-trim31-gaincal.dat,desy_weibull_decorr_pos,404,c404-ia27-trim30.dat,desy_weibull_decorr_pos,-1.93393,0.124138,55.2525,21,0.00001,-0.00411861,-1,-0.1,40,0
15388,015388,gear_desy2015_04a.xml,5.6,504,c504-ia24-trim31-gaincal.dat,desy_weibull_decorr_pos,404,c404-ia27-trim30.dat,desy_weibull_decorr_pos,-1.93393,0.124138,55.2525,21,0.00001,-0.00411861,-1,-0.1,40,0
15389,015389,gear_desy2015_04a.xml,5.6,504,c504-ia24-trim30-gaincal.dat,desy_weibull_decorr_pos,404,c404-ia27-trim30.dat,desy_weibull_decorr_pos,-1.93393,0.124138,55.2525,21,0.00001,-0.00411861,-1,-0.1,40,0
15390,015390,gear_desy2015_04a.xml,5.6,504,c504-ia24-trim29-gaincal.dat,desy_weibull_decorr_pos,404,c404-ia27-trim30.dat,desy_weibull_decorr_pos,-1.93393,0.124138,55.2525,21,0.00001,-0.00411861,-1,-0.1,40,0
15393,015393,gear_desy2015_04a.xml,5.6,504,c504-ia24-trim28-gaincal.dat,desy_weibull_decorr_pos,404,c404-ia27-trim30.dat,desy_weibull_decorr_pos,-1.93393,0.124138,55.2525,21,0.00001,-0.00411861,-1,-0.1,40,0
15394,015394,gear_desy2015_04a.xml,5.6,504,c504-ia24-trim27-gaincal.dat,desy_weibull_decorr_pos,404,c404-ia27-trim30.dat,desy_weibull_decorr_pos,-1.93393,0.124138,55.2525,21,0.00001,-0.00411861,-1,-0.1,40,0
15395,015395,gear_desy2015_04a.xml,5.6,504,c504-ia24-trim34-gaincal.dat,desy_weibull_decorr_pos,404,c404-ia27-trim30.dat,desy_weibull_decorr_pos,-1.93393,0.124138,55.2525,21,0.00001,-0.00411861,-1,-0.1,40,0
15398,015398,gear_desy2015_04a.xml,5.6,504,c504-ia24-trim38-gaincal.dat,desy_weibull_decorr_pos,404,c404-ia27-trim30.dat,desy_weibull_decorr_pos,-1.93393,0.124138,55.2525,21,0.00001,-0.00411861,-1,-0.1,40,0
15400,015400,gear_desy2015_04a.xml,5.6,504,c504-ia24-trim36-gaincal.dat,desy_weibull_decorr_pos,404,c404-ia27-trim30.dat,desy_weibull_decorr_pos,-1.93393,0.124138,55.2525,21,0.00001,-0.00411861,-1,-0.1,40,0
15401,015401,gear_desy2015_04a.xml,5.6,504,c504-ia24-trim36-gaincal.dat,desy_weibull_decorr_pos,404,c404-ia27-trim30.dat,desy_weibull_decorr_pos,-1.93393,0.124138,55.2525,21,0.00001,-0.00411861,-1,-0.1,40,0
15402,015402,gear_desy2015_04a.xml,5.6,504,c504-ia24-trim36-gaincal.dat,desy_weibull_decorr_pos,404,c404-ia27-trim30.dat,desy_weibull_decorr_pos,-1.93393,0.124138,55.2525,21,0.00001,-0.00411861,-1,-0.1,40,0
15403,015403,gear_desy2015_04a.xml,5.6,504,c504-ia24-trim36-gaincal.dat,desy_weibull_decorr_pos,404,c404-ia27-trim30.dat,desy_weibull_decorr_pos,-1.93393,0.124138,55.2525,21,0.00001,-0.00411861,-1,-0.1,40,0
15404,015404,gear_desy2015_04a.xml,5.6,504,c504-ia24-trim36-gaincal.dat,desy_weibull_decorr_pos,404,c404-ia27-trim30.dat,desy_weibull_decorr_pos,-1.93393,0.124138,55.2525,21,0.00001,-0.00411861,-1,-0.1,40,0
15405,015405,gear_desy2015_04a.xml,5.6,504,c504-ia24-trim36-gaincal.dat,desy_weibull_decorr_pos,404,c404-ia27-trim30.dat,desy_weibull_decorr_pos,-1.93393,0.124138,55.2525,21,0.00001,-0.00411861,-1,-0.1,40,0
15406,015406,gear_desy2015_04a.xml,5.6,504,c504-ia24-trim36-gaincal.dat,desy_weibull_decorr_pos,404,c404-ia27-trim30.dat,desy_weibull_decorr_pos,-1.93393,0.124138,55.2525,21,0.00001,-0.00411861,-1,-0.1,40,0
15407,015407,gear_desy2015_04a.xml,5.6,504,c504-ia24-trim36-gaincal.dat,desy_weibull_decorr_pos,404,c404-ia27-trim30.dat,desy_weibull_decorr_pos,-1.93393,0.124138,55.2525,21,0.00001,-0.00411861,-1,-0.1,40,0
15408,015408,gear_desy2015_04a.xml,5.6,504,c504-ia24-trim36-gaincal.dat,desy_weibull_decorr_pos,404,c404-ia27-trim30.dat,desy_weibull_decorr_pos,-1.93393,0.124138,55.2525,21,0.00001,-0.00411861,-1,-0.1,40,0
15409,015409,gear_desy2015_04a.xml,5.6,504,c504-ia24-trim36-gaincal.dat,desy_weibull_decorr_pos,404,c404-ia27-trim30.dat,desy_weibull_decorr_pos,-1.93393,0.124138,55.2525,21,0.00001,-0.00411861,-1,-0.1,40,0
15410,015410,gear_desy2015_04a.xml,5.6,504,c504-ia24-trim36-gaincal.dat,desy_weibull_decorr_pos,404,c404-ia27-trim30.dat,desy_weibull_decorr_pos,-1.93393,0.124138,55.2525,21,0.00001,-0.00411861,-1,-0.1,40,0
15411,015411,gear_desy2015_04a.xml,5.6,504,c504-ia24-trim36-gaincal.dat,desy_weibull_decorr_pos,404,c404-ia27-trim30.dat,desy_weibull_decorr_pos,-1.93393,0.124138,55.2525,21,0.00001,-0.00411861,-1,-0.1,40,0
15412,015412,gear_desy2015_04a.xml,5.6,504,c504-ia24-trim36-gaincal.dat,desy_weibull_decorr_pos,404,c404-ia27-trim30.dat,desy_weibull_decorr_pos,-1.93393,0.124138,55.2525,21,0.00001,-0.00411861,-1,-0.1,40,0
15413,015413,gear_desy2015_04a.xml,5.6,504,c504-ia24-trim36-gaincal.dat,desy_weibull_decorr_pos,404,c404-ia27-trim30.dat,desy_weibull_decorr_pos,-1.93393,0.124138,55.2525,21,0.00001,-0.00411861,-1,-0.1,40,0
15414,015414,gear_desy2015_04a.xml,5.6,504,c504-ia24-trim36-gaincal.dat,desy_weibull_decorr_pos,404,c404-ia27-trim30.dat,desy_weibull_decorr_pos,-1.93393,0.124138,55.2525,21,0.00001,-0.00411861,-1,-0.1,40,0
15415,015415,gear_desy2015_04a.xml,5.6,504,c504-ia24-trim36-gaincal.dat,desy_weibull_decorr_pos,404,c404-ia27-trim30.dat,desy_weibull_decorr_pos,-1.93393,0.124138,55.2525,21,0.00001,-0.00411861,-1,-0.1,40,0
15416,015416,gear_desy2015_04a.xml,5.6,504,c504-ia24-trim36-gaincal.dat,desy_weibull_decorr_pos,404,c404-ia27-trim30.dat,desy_weibull_decorr_pos,-1.93393,0.124138,55.2525,21,0.00001,-0.00411861,-1,-0.1,40,0
15417,015417,gear_desy2015_04a.xml,5.6,504,c504-ia24-trim36-gaincal.dat,desy_weibull_decorr_pos,404,c404-ia27-trim30.dat,desy_weibull_decorr_pos,-1.93393,0.124138,55.2525,21,0.00001,-0.00411861,-1,-0.1,40,0
15418,015418,gear_desy2015_04a.xml,5.6,504,c504-ia24-trim36-gaincal.dat,desy_weibull_decorr_pos,404,c404-ia27-trim30.dat,desy_weibull_decorr_pos,-1.93393,0.124138,55.2525,21,0.00001,-0.00411861,-1,-0.1,40,0
15419,015419,gear_desy2015_04a.xml,5.6,504,c504-ia24-trim36-gaincal.dat,desy_weibull_decorr_pos,404,c404-ia27-trim30.dat,desy_weibull_decorr_pos,-1.93393,0.124138,55.2525,21,0.00001,-0.00411861,-1,-0.1,40,0
15420,015420,gear_desy2015_04a.xml,5.6,504,c504-ia24-trim36-gaincal.dat,desy_weibull_decorr_pos,404,c404-ia27-trim30.dat,desy_weibull_decorr_pos,-1.93393,0.124138,55.2525,21,0.00001,-0.00411861,-1,-0.1,40,0
15421,015421,gear_desy2015_04a.xml,5.6,504,c504-ia24-trim36-gaincal.dat,desy_weibull_decorr_pos,404,c404-ia27-trim30.dat,desy_weibull_decorr_pos,-1.93393,0.124138,55.2525,21,0.00001,-0.00411861,-1,-0.1,40,0
15422,015422,gear_desy2015_04a.xml,5.6,504,c504-ia24-trim36-gaincal.dat,desy_weibull_decorr_pos,404,c404-ia27-trim30.dat,desy_weibull_decorr_pos,-1.93393,0.124138,55.2525,21,0.00001,-0.00411861,-1,-0.1,40,0
15423,015423,gear_desy2015_04a.xml,5.6,504,c504-ia24-trim36-gaincal.dat,desy_weibull_decorr_pos,404,c404-ia27-trim30.dat,desy_weibull_decorr_pos,-1.93393,0.124138,55.2525,21,0.00001,-0.00411861,-1,-0.1,40,0
15424,015424,gear_desy2015_04a.xml,5.6,504,c504-ia24-trim36-gaincal.dat,desy_weibull_decorr_pos,404,c404-ia27-trim30.dat,desy_weibull_decorr_pos,-1.93393,0.124138,55.2525,21,0.00001,-0.00411861,-1,-0.1,40,0
15425,015425,gear_desy2015_04a.xml,5.6,504,c504-ia24-trim36-gaincal.dat,desy_weibull_decorr_pos,404,c404-ia27-trim30.dat,desy_weibull_decorr_pos,-1.93393,0.124138,55.2525,21,0.00001,-0.00411861,-1,-0.1,40,0
15426,015426,gear_desy2015_04a.xml,5.6,504,c504-ia24-trim36-gaincal.dat,desy_weibull_decorr_pos,404,c404-ia27-trim30.dat,desy_weibull_decorr_pos,-1.93393,0.124138,55.2525,21,0.00001,-0.00411861,-1,-0.1,40,0
15427,015427,gear_desy2015_04a.xml,5.6,504,c504-ia24-trim36-gaincal.dat,desy_weibull_decorr_pos,404,c404-ia27-trim30.dat,desy_weibull_decorr_pos,-1.93393,0.124138,55.2525,21,0.00001,-0.00411861,-1,-0.1,40,0
15428,015428,gear_desy2015_04a.xml,5.6,504,c504-ia24-trim36-gaincal.dat,desy_weibull_decorr_pos,404,c404-ia27-trim30.dat,desy_weibull_decorr_pos,-1.93393,0.124138,55.2525,21,0.00001,-0.00411861,-1,-0.1,40,0
15429,015429,gear_desy2015_04a.xml,5.6,504,c504-ia24-trim36-gaincal.dat,desy_weibull_decorr_pos,404,c404-ia27-trim30.dat,desy_weibull_decorr_pos,-1.93393,0.124138,55.2525,21,0.00001,-0.00411861,-1,-0.1,40,0
15430,015430,gear_desy2015_04a.xml,5.6,504,c504-ia24-trim36-gaincal.dat,desy_weibull_decorr_pos,404,c404-ia27-trim30.dat,desy_weibull_decorr_pos,-1.93393,0.124138,55.2525,21,0.00001,-0.00411861,-1,-0.1,40,0
15436,015436,gear_desy2015_04a.xml,5.6,504,c504-ia24-trim40-gaincal.dat,desy_weibull_decorr_pos,404,c404-ia27-trim30.dat,desy_weibull_decorr_pos,-1.93393,0.124138,55.2525,21,0.00001,-0.00411861,-1,-0.1,40,0





# JUNE 19
# Chip 506 (rot) turn angle scan at VIColOr 255
#cmsdyfct
# check landgaus: sigma&smear around 1.5? peak at 22ke?
19714,019714,gear_desy2015_06b.xml,5.6,506,c506-ia24-trim32tb-chiller15-gaincal.dat,desy_weibull_decorr_pos,501,c501-ia24-trim30tb-gaincal.dat,desy_weibull_decorr_pos,-4.73785,0.20803,43.3682,40.0558,-0.754969,-0.00607086,-3.9424,-0.0511376,40,0
19715,019714,gear_desy2015_06b.xml,5.6,506,c506-ia24-trim32tb-chiller15-gaincal.dat,desy_weibull_decorr_pos,501,c501-ia24-trim30tb-gaincal.dat,desy_weibull_decorr_pos,-4.7371,0.208971,43.4742,40.0667,-0.756164,-0.00612816,-3.94274,-0.0512131,40,0
19716,019714,gear_desy2015_06b.xml,5.6,506,c506-ia24-trim32tb-chiller15-gaincal.dat,desy_weibull_decorr_pos,501,c501-ia24-trim30tb-gaincal.dat,desy_weibull_decorr_pos,-4.73418,0.226457,43.2606,38.381,-0.741909,-0.00597283,-3.94359,-0.0508693,40,0
19717,019714,gear_desy2015_06b.xml,5.6,506,c506-ia24-trim32tb-chiller15-gaincal.dat,desy_weibull_decorr_pos,501,c501-ia24-trim30tb-gaincal.dat,desy_weibull_decorr_pos,-4.73412,0.226702,43.3096,38.371,-0.747895,-0.0059611,-3.94361,-0.0506771,40,0
19718,019714,gear_desy2015_06b.xml,5.6,506,c506-ia24-trim32tb-chiller15-gaincal.dat,desy_weibull_decorr_pos,501,c501-ia24-trim30tb-gaincal.dat,desy_weibull_decorr_pos,-4.73068,0.244892,43.4712,36.6076,-0.733678,-0.00584344,-3.94497,-0.0525364,40,0
19719,019714,gear_desy2015_06b.xml,5.6,506,c506-ia24-trim32tb-chiller15-gaincal.dat,desy_weibull_decorr_pos,501,c501-ia24-trim30tb-gaincal.dat,desy_weibull_decorr_pos,-4.73047,0.244987,43.4831,36.6113,-0.731365,-0.00585351,-3.94495,-0.0522272,40,0
19720,019714,gear_desy2015_06b.xml,5.6,506,c506-ia24-trim32tb-chiller15-gaincal.dat,desy_weibull_decorr_pos,501,c501-ia24-trim30tb-gaincal.dat,desy_weibull_decorr_pos,-4.72803,0.262274,43.4451,34.8571,-0.72446,-0.00574382,-3.94882,-0.0582504,40,0
19721,019714,gear_desy2015_06b.xml,5.6,506,c506-ia24-trim32tb-chiller15-gaincal.dat,desy_weibull_decorr_pos,501,c501-ia24-trim30tb-gaincal.dat,desy_weibull_decorr_pos,-4.72833,0.262247,43.3464,34.8531,-0.721891,-0.00569661,-3.94847,-0.0578819,40,0
19722,019714,gear_desy2015_06b.xml,5.6,506,c506-ia24-trim32tb-chiller15-gaincal.dat,desy_weibull_decorr_pos,501,c501-ia24-trim30tb-gaincal.dat,desy_weibull_decorr_pos,-4.72574,0.279056,43.3644,33.1033,-0.724171,-0.00564705,-3.95101,-0.0608718,40,0
19723,019714,gear_desy2015_06b.xml,5.6,506,c506-ia24-trim32tb-chiller15-gaincal.dat,desy_weibull_decorr_pos,501,c501-ia24-trim30tb-gaincal.dat,desy_weibull_decorr_pos,-4.72598,0.278527,43.302,33.098,-0.72469,-0.00556491,-3.95085,-0.0609819,40,0
19724,019714,gear_desy2015_06b.xml,5.6,506,c506-ia24-trim32tb-chiller15-gaincal.dat,desy_weibull_decorr_pos,501,c501-ia24-trim30tb-gaincal.dat,desy_weibull_decorr_pos,-4.72302,0.294816,43.3685,31.3323,-0.708204,-0.0054819,-3.95241,-0.0618891,40,0
19725,019714,gear_desy2015_06b.xml,5.6,506,c506-ia24-trim32tb-chiller15-gaincal.dat,desy_weibull_decorr_pos,501,c501-ia24-trim30tb-gaincal.dat,desy_weibull_decorr_pos,-4.72337,0.294447,43.4408,31.331,-0.708201,-0.00545886,-3.95212,-0.0617649,40,0
19726,019714,gear_desy2015_06b.xml,5.6,506,c506-ia24-trim32tb-chiller15-gaincal.dat,desy_weibull_decorr_pos,501,c501-ia24-trim30tb-gaincal.dat,desy_weibull_decorr_pos,-4.72001,0.310823,43.533,29.5742,-0.707709,-0.00542648,-3.95317,-0.0624524,40,0
19727,019714,gear_desy2015_06b.xml,5.6,506,c506-ia24-trim32tb-chiller15-gaincal.dat,desy_weibull_decorr_pos,501,c501-ia24-trim30tb-gaincal.dat,desy_weibull_decorr_pos,-4.72037,0.310199,43.4562,29.5723,-0.699509,-0.00534315,-3.95334,-0.062462,40,0
19728,019714,gear_desy2015_06b.xml,5.6,506,c506-ia24-trim32tb-chiller15-gaincal.dat,desy_weibull_decorr_pos,501,c501-ia24-trim30tb-gaincal.dat,desy_weibull_decorr_pos,-4.72035,0.310272,43.5712,29.5719,-0.709212,-0.00539828,-3.95351,-0.0624265,40,0
19729,019714,gear_desy2015_06b.xml,5.6,506,c506-ia24-trim32tb-chiller15-gaincal.dat,desy_weibull_decorr_pos,501,c501-ia24-trim30tb-gaincal.dat,desy_weibull_decorr_pos,-4.7172,0.326104,43.3637,27.8472,-0.696156,-0.0053008,-3.9539,-0.0629083,40,0
19730,019714,gear_desy2015_06b.xml,5.6,506,c506-ia24-trim32tb-chiller15-gaincal.dat,desy_weibull_decorr_pos,501,c501-ia24-trim30tb-gaincal.dat,desy_weibull_decorr_pos,-4.71753,0.325409,43.5164,27.8401,-0.695869,-0.0052821,-3.954,-0.0628493,40,0
19731,019714,gear_desy2015_06b.xml,5.6,506,c506-ia24-trim32tb-chiller15-gaincal.dat,desy_weibull_decorr_pos,501,c501-ia24-trim30tb-gaincal.dat,desy_weibull_decorr_pos,-4.71441,0.341542,43.3608,26.1258,-0.688263,-0.00518178,-3.95482,-0.0636595,40,0
19732,019714,gear_desy2015_06b.xml,5.6,506,c506-ia24-trim32tb-chiller15-gaincal.dat,desy_weibull_decorr_pos,501,c501-ia24-trim30tb-gaincal.dat,desy_weibull_decorr_pos,-4.71508,0.340941,43.352,26.1244,-0.703846,-0.0052377,-3.95465,-0.0635506,40,0
19733,019714,gear_desy2015_06b.xml,5.6,506,c506-ia24-trim32tb-chiller15-gaincal.dat,desy_weibull_decorr_pos,501,c501-ia24-trim30tb-gaincal.dat,desy_weibull_decorr_pos,-4.72212,0.348979,43.363,24.4513,-0.692522,-0.00514988,-3.95595,-0.0643085,40,0
19734,019714,gear_desy2015_06b.xml,5.6,506,c506-ia24-trim32tb-chiller15-gaincal.dat,desy_weibull_decorr_pos,501,c501-ia24-trim30tb-gaincal.dat,desy_weibull_decorr_pos,-4.72311,0.34809,43.4919,24.4426,-0.69794,-0.00512292,-3.95572,-0.0641674,40,0
19735,019714,gear_desy2015_06b.xml,5.6,506,c506-ia24-trim32tb-chiller15-gaincal.dat,desy_weibull_decorr_pos,501,c501-ia24-trim30tb-gaincal.dat,desy_weibull_decorr_pos,-4.72335,0.347642,43.7069,24.4387,-0.685522,-0.00512295,-3.95576,-0.064047,40,0



# JUNE 20
# no chiller connected!
#alignment run
19807,019807,gear_desy2015_06b.xml,5.6,506,c506-ia24-trim32tb-nochill-gaincal.dat,desy_weibull_decorr_pos,501,c501-ia24-trim30tb-gaincal.dat,desy_weibull_decorr_pos,-4.63803,0.252629,51.3713,27.258,-0.538134,-0.00454483,-4.6,0,40,0

# tilt scan:
19809,019807,gear_desy2015_06b.xml,5.6,506,c506-ia24-trim32tb-nochill-gaincal.dat,desy_weibull_decorr_pos,501,c501-ia24-trim30tb-gaincal.dat,desy_weibull_decorr_pos,-4.64328,0.240158,51.1506,53.7746,-1.00843,-0.00304428,-4.64417,-0.0454692,40,0
19810,019807,gear_desy2015_06b.xml,5.6,506,c506-ia24-trim32tb-nochill-gaincal.dat,desy_weibull_decorr_pos,501,c501-ia24-trim30tb-gaincal.dat,desy_weibull_decorr_pos,-4.63338,0.249821,44.3539,53.5359,-0.5863,-0.00706908,-4.64417,-0.0454692,40,0
19811,019807,gear_desy2015_06b.xml,5.6,506,c506-ia24-trim32tb-nochill-gaincal.dat,desy_weibull_decorr_pos,501,c501-ia24-trim30tb-gaincal.dat,desy_weibull_decorr_pos,-4.63636,0.24155,52.9331,55.2779,-0.710296,-0.0054632,-4.64417,-0.0454692,40,0
19812,019807,gear_desy2015_06b.xml,5.6,506,c506-ia24-trim32tb-nochill-gaincal.dat,desy_weibull_decorr_pos,501,c501-ia24-trim30tb-gaincal.dat,desy_weibull_decorr_pos,-4.63975,0.274331,51.5277,55.2058,-1.01107,-0.00977983,-4.64417,-0.0454692,40,0
19813,019807,gear_desy2015_06b.xml,5.6,506,c506-ia24-trim32tb-nochill-gaincal.dat,desy_weibull_decorr_pos,501,c501-ia24-trim30tb-gaincal.dat,desy_weibull_decorr_pos,-4.63662,0.257003,54.0475,57.0857,-0.461787,-0.00576328,-4.64417,-0.0454692,40,0
19814,019807,gear_desy2015_06b.xml,5.6,506,c506-ia24-trim32tb-nochill-gaincal.dat,desy_weibull_decorr_pos,501,c501-ia24-trim30tb-gaincal.dat,desy_weibull_decorr_pos,-4.63648,0.257788,55.4657,57.1299,-0.396732,-0.00504917,-4.64417,-0.0454692,40,0
19815,019807,gear_desy2015_06b.xml,5.6,506,c506-ia24-trim32tb-nochill-gaincal.dat,desy_weibull_decorr_pos,501,c501-ia24-trim30tb-gaincal.dat,desy_weibull_decorr_pos,-4.62446,0.256613,51.8728,58.743,-0.62049,-0.00531311,-4.64417,-0.0454692,40,0
19816,019807,gear_desy2015_06b.xml,5.6,506,c506-ia24-trim32tb-nochill-gaincal.dat,desy_weibull_decorr_pos,501,c501-ia24-trim30tb-gaincal.dat,desy_weibull_decorr_pos,-4.64291,0.245906,47.4664,58.6936,-0.489329,-0.00256368,-4.64417,-0.0454692,40,0
19817,019807,gear_desy2015_06b.xml,5.6,506,c506-ia24-trim32tb-nochill-gaincal.dat,desy_weibull_decorr_pos,501,c501-ia24-trim30tb-gaincal.dat,desy_weibull_decorr_pos,-4.63176,0.24712,54.6754,60.2211,-0.695338,-0.00551986,-4.64417,-0.0454692,40,0
19818,019807,gear_desy2015_06b.xml,5.6,506,c506-ia24-trim32tb-nochill-gaincal.dat,desy_weibull_decorr_pos,501,c501-ia24-trim30tb-gaincal.dat,desy_weibull_decorr_pos,-4.62636,0.233122,61.4852,60.2404,-0.701146,-0.00456576,-4.64417,-0.0454692,40,0
19819,019807,gear_desy2015_06b.xml,5.6,506,c506-ia24-trim32tb-nochill-gaincal.dat,desy_weibull_decorr_pos,501,c501-ia24-trim30tb-gaincal.dat,desy_weibull_decorr_pos,-4.63277,0.242574,52.715,62.0905,-0.944756,-0.00367585,-4.64417,-0.0454692,40,0
19820,019807,gear_desy2015_06b.xml,5.6,506,c506-ia24-trim32tb-nochill-gaincal.dat,desy_weibull_decorr_pos,501,c501-ia24-trim30tb-gaincal.dat,desy_weibull_decorr_pos,-4.64059,0.257618,54.7235,61.9908,-0.917799,-0.00894774,-4.64417,-0.0454692,40,0
19821,019807,gear_desy2015_06b.xml,5.6,506,c506-ia24-trim32tb-nochill-gaincal.dat,desy_weibull_decorr_pos,501,c501-ia24-trim30tb-gaincal.dat,desy_weibull_decorr_pos,-4.63986,0.242537,55.3612,63.7566,-1.18141,-0.00827301,-4.64417,-0.0454692,40,0
19822,019807,gear_desy2015_06b.xml,5.6,506,c506-ia24-trim32tb-nochill-gaincal.dat,desy_weibull_decorr_pos,501,c501-ia24-trim30tb-gaincal.dat,desy_weibull_decorr_pos,-4.61615,0.239703,52.8298,63.762,-0.519385,-0.0065517,-4.64417,-0.0454692,40,0
19823,019807,gear_desy2015_06b.xml,5.6,506,c506-ia24-trim32tb-nochill-gaincal.dat,desy_weibull_decorr_pos,501,c501-ia24-trim30tb-gaincal.dat,desy_weibull_decorr_pos,-4.63977,0.243099,58.0853,65.6047,-1.02887,-0.0074441,-4.64417,-0.0454692,40,0
19824,019807,gear_desy2015_06b.xml,5.6,506,c506-ia24-trim32tb-nochill-gaincal.dat,desy_weibull_decorr_pos,501,c501-ia24-trim30tb-gaincal.dat,desy_weibull_decorr_pos,-4.62835,0.243528,54.3743,65.7892,-0.722729,-0.00839568,-4.64417,-0.0454692,40,0

19826,019807,gear_desy2015_06c.xml,5.6,506,c506-ia24-trim32tb-nochill-gaincal.dat,desy_weibull_decorr_pos,501,c501-ia24-trim30tb-gaincal.dat,desy_weibull_decorr_pos,-4.63254,-0.515868,52.8975,67.5125,-0.83533,-0.00868726,-4.64646,-0.0464217,40,0
19827,019807,gear_desy2015_06c.xml,5.6,506,c506-ia24-trim32tb-nochill-gaincal.dat,desy_weibull_decorr_pos,501,c501-ia24-trim30tb-gaincal.dat,desy_weibull_decorr_pos,-4.63232,-0.516131,52.7911,67.5063,-0.819199,-0.00852083,-4.64678,-0.0463821,40,0
19828,019807,gear_desy2015_06c.xml,5.6,506,c506-ia24-trim32tb-nochill-gaincal.dat,desy_weibull_decorr_pos,501,c501-ia24-trim30tb-gaincal.dat,desy_weibull_decorr_pos,-4.63149,-0.604804,53.2155,69.329,-0.88181,-0.00938324,-4.64712,-0.046863,40,0
19829,019807,gear_desy2015_06c.xml,5.6,506,c506-ia24-trim32tb-nochill-gaincal.dat,desy_weibull_decorr_pos,501,c501-ia24-trim30tb-gaincal.dat,desy_weibull_decorr_pos,-4.63065,-0.605765,53.5309,69.3263,-0.866573,-0.00921503,-4.64707,-0.0466751,40,0
19830,019807,gear_desy2015_06c.xml,5.6,506,c506-ia24-trim32tb-nochill-gaincal.dat,desy_weibull_decorr_pos,501,c501-ia24-trim30tb-gaincal.dat,desy_weibull_decorr_pos,-4.63025,-0.70839,52.5256,71.1736,-0.898768,-0.00975675,-4.64728,-0.0470938,40,0
19831,019807,gear_desy2015_06c.xml,5.6,506,c506-ia24-trim32tb-nochill-gaincal.dat,desy_weibull_decorr_pos,501,c501-ia24-trim30tb-gaincal.dat,desy_weibull_decorr_pos,-4.62984,-0.708587,53.0068,71.1667,-0.899625,-0.00981289,-4.64741,-0.0468571,40,0
19832,019807,gear_desy2015_06c.xml,5.6,506,c506-ia24-trim32tb-nochill-gaincal.dat,desy_weibull_decorr_pos,501,c501-ia24-trim30tb-gaincal.dat,desy_weibull_decorr_pos,-4.6299,-0.879597,51.6525,73.4221,-0.923173,-0.0105292,-4.64769,-0.0476091,40,0
19833,019807,gear_desy2015_06c.xml,5.6,506,c506-ia24-trim32tb-nochill-gaincal.dat,desy_weibull_decorr_pos,501,c501-ia24-trim30tb-gaincal.dat,desy_weibull_decorr_pos,-4.62898,-0.850636,52.0348,73.2134,-0.946911,-0.0106085,-4.64738,-0.0473627,40,0
19834,019807,gear_desy2015_06c.xml,5.6,506,c506-ia24-trim32tb-nochill-gaincal.dat,desy_weibull_decorr_pos,501,c501-ia24-trim30tb-gaincal.dat,desy_weibull_decorr_pos,-4.62976,-1.12702,51.2609,75.6663,-0.906398,-0.0106525,-4.64765,-0.0477676,40,0
19835,019807,gear_desy2015_06c.xml,5.6,506,c506-ia24-trim32tb-nochill-gaincal.dat,desy_weibull_decorr_pos,501,c501-ia24-trim30tb-gaincal.dat,desy_weibull_decorr_pos,-4.62803,-1.0922,51.5617,75.5809,-0.988693,-0.0114063,-4.64785,-0.0477646,40,0

# bad runs, no matching/alignment: (<10%)
#19836,019807,gear_desy2015_06c.xml,5.6,506,c506-ia24-trim32tb-nochill-gaincal.dat,desy_weibull_decorr_pos,501,c501-ia24-trim30tb-gaincal.dat,desy_weibull_decorr_pos,-4.62827,-1.92922,50.3634,79.1179,-0.713901,-0.00775796,-4.64783,-0.0480796,40,0
#19837,019807,gear_desy2015_06c.xml,5.6,506,c506-ia24-trim32tb-nochill-gaincal.dat,desy_weibull_decorr_pos,501,c501-ia24-trim30tb-gaincal.dat,desy_weibull_decorr_pos,-4.6219,-1.68123,49.6922,78.8113,-0.877698,-0.00825292,-4.64804,-0.0481035,40,0
#19838,019807,gear_desy2015_06c.xml,5.6,506,c506-ia24-trim32tb-nochill-gaincal.dat,desy_weibull_decorr_pos,501,c501-ia24-trim30tb-gaincal.dat,desy_weibull_decorr_pos,-4.61957,-2.53501,46.5906,82.2803,-1.25768,-0.0159235,-4.64821,-0.0479146,40,0
#19839,019807,gear_desy2015_06c.xml,5.6,506,c506-ia24-trim32tb-nochill-gaincal.dat,desy_weibull_decorr_pos,501,c501-ia24-trim30tb-gaincal.dat,desy_weibull_decorr_pos,-4.60897,-2.92241,46.6758,83.0131,-1.19129,-0.012042,-4.648,-0.0479438,40,0
#19841,019807,gear_desy2015_06c.xml,5.6,506,c506-ia24-trim32tb-nochill-gaincal.dat,desy_weibull_decorr_pos,501,c501-ia24-trim30tb-gaincal.dat,desy_weibull_decorr_pos,-4.62662,-5.07365,46.0345,85.4355,-0.72843,-0.0164738,-4.64813,-0.0472043,40,0
#19842,019807,gear_desy2015_06c.xml,5.6,506,c506-ia24-trim32tb-nochill-gaincal.dat,desy_weibull_decorr_pos,501,c501-ia24-trim30tb-gaincal.dat,desy_weibull_decorr_pos,-4.62687,-1.92628,47.1459,85.8496,-0.756606,-0.0127312,-4.64831,-0.0472349,40,0
#19843,019807,gear_desy2015_06c.xml,5.6,506,c506-ia24-trim32tb-nochill-gaincal.dat,desy_weibull_decorr_pos,501,c501-ia24-trim30tb-gaincal.dat,desy_weibull_decorr_pos,-4.62698,-0.574205,43.8838,88.0462,-0.740215,-0.0124849,-4.64824,-0.0453407,40,0
#19844,019807,gear_desy2015_06c.xml,5.6,506,c506-ia24-trim32tb-nochill-gaincal.dat,desy_weibull_decorr_pos,501,c501-ia24-trim30tb-gaincal.dat,desy_weibull_decorr_pos,-4.82457,-4.67568,43.1004,88.1225,0.775319,0.0063495,-4.6482,-0.0453436,40,0

19845,019807,gear_desy2015_06c.xml,5.6,506,c506-ia24-trim32tb-nochill-gaincal.dat,desy_weibull_decorr_pos,501,c501-ia24-trim30tb-gaincal.dat,desy_weibull_decorr_pos,-4.62368,-0.120866,51.7948,54.0628,-0.667208,-0.00607854,-4.64542,-0.0427623,40,0
19846,019807,gear_desy2015_06c.xml,5.6,506,c506-ia24-trim32tb-nochill-gaincal.dat,desy_weibull_decorr_pos,501,c501-ia24-trim30tb-gaincal.dat,desy_weibull_decorr_pos,-4.62379,-0.120284,51.8505,54.0575,-0.676428,-0.006166,-4.6454,-0.0429528,40,0
19847,019807,gear_desy2015_06c.xml,5.6,506,c506-ia24-trim32tb-nochill-gaincal.dat,desy_weibull_decorr_pos,501,c501-ia24-trim30tb-gaincal.dat,desy_weibull_decorr_pos,-4.62408,-0.158566,52.0207,55.8304,-0.689315,-0.00632949,-4.64544,-0.0434494,40,0
19848,019807,gear_desy2015_06c.xml,5.6,506,c506-ia24-trim32tb-nochill-gaincal.dat,desy_weibull_decorr_pos,501,c501-ia24-trim30tb-gaincal.dat,desy_weibull_decorr_pos,-4.62351,-0.158619,52.0663,55.8305,-0.679128,-0.00625636,-4.64538,-0.043553,40,0
19849,019807,gear_desy2015_06c.xml,5.6,506,c506-ia24-trim32tb-nochill-gaincal.dat,desy_weibull_decorr_pos,501,c501-ia24-trim30tb-gaincal.dat,desy_weibull_decorr_pos,-4.6239,-0.199628,52.0512,57.6345,-0.703612,-0.0065623,-4.64538,-0.0439719,40,0
19850,019807,gear_desy2015_06c.xml,5.6,506,c506-ia24-trim32tb-nochill-gaincal.dat,desy_weibull_decorr_pos,501,c501-ia24-trim30tb-gaincal.dat,desy_weibull_decorr_pos,-4.62341,-0.198706,52.0103,57.6325,-0.711004,-0.00665697,-4.6456,-0.0439386,40,0
19851,019807,gear_desy2015_06c.xml,5.6,506,c506-ia24-trim32tb-nochill-gaincal.dat,desy_weibull_decorr_pos,501,c501-ia24-trim30tb-gaincal.dat,desy_weibull_decorr_pos,-4.62261,-0.198849,52.1591,57.6325,-0.705832,-0.00653265,-4.64553,-0.0440253,40,0
19852,019807,gear_desy2015_06c.xml,5.6,506,c506-ia24-trim32tb-nochill-gaincal.dat,desy_weibull_decorr_pos,501,c501-ia24-trim30tb-gaincal.dat,desy_weibull_decorr_pos,-4.62289,-0.242648,52.1374,59.4293,-0.721514,-0.00693179,-4.64552,-0.0445706,40,0
19853,019807,gear_desy2015_06c.xml,5.6,506,c506-ia24-trim32tb-nochill-gaincal.dat,desy_weibull_decorr_pos,501,c501-ia24-trim30tb-gaincal.dat,desy_weibull_decorr_pos,-4.62227,-0.242605,52.2277,59.4272,-0.718564,-0.00678958,-4.64565,-0.0446108,40,0
19854,019807,gear_desy2015_06c.xml,5.6,506,c506-ia24-trim32tb-nochill-gaincal.dat,desy_weibull_decorr_pos,501,c501-ia24-trim30tb-gaincal.dat,desy_weibull_decorr_pos,-4.62139,-0.291,52.1643,61.2189,-0.738497,-0.00715214,-4.64574,-0.04531,40,0
19855,019807,gear_desy2015_06c.xml,5.6,506,c506-ia24-trim32tb-nochill-gaincal.dat,desy_weibull_decorr_pos,501,c501-ia24-trim30tb-gaincal.dat,desy_weibull_decorr_pos,-4.62091,-0.290151,52.3511,61.2158,-0.750055,-0.00727568,-4.64565,-0.0450943,40,0
19856,019807,gear_desy2015_06c.xml,5.6,506,c506-ia24-trim32tb-nochill-gaincal.dat,desy_weibull_decorr_pos,501,c501-ia24-trim30tb-gaincal.dat,desy_weibull_decorr_pos,-4.62074,-0.343899,52.5806,63.0184,-0.7712,-0.00771245,-4.64606,-0.0457981,40,0
19857,019807,gear_desy2015_06c.xml,5.6,506,c506-ia24-trim32tb-nochill-gaincal.dat,desy_weibull_decorr_pos,501,c501-ia24-trim30tb-gaincal.dat,desy_weibull_decorr_pos,-4.62042,-0.343536,52.3387,63.016,-0.772491,-0.00765742,-4.64573,-0.0458006,40,0


# JUNE 21
# no chiller, trim 28
19866,019866,gear_desy2015_06c.xml,5.6,506,c506-ia24-trim28tb-nochiller-gaincal.dat,desy_weibull_decorr_pos,501,c501-ia24-trim30tb-gaincal.dat,desy_weibull_decorr_pos,-4.61093,0.196825,56.0007,33.4832,-0.591613,-0.0049908,-4.55208,-0.0362616,40,0
19867,019866,gear_desy2015_06c.xml,5.6,506,c506-ia24-trim28tb-nochiller-gaincal.dat,desy_weibull_decorr_pos,501,c501-ia24-trim30tb-gaincal.dat,desy_weibull_decorr_pos,-4.61078,0.215454,56.075,31.6386,-0.574459,-0.0048475,-4.5518,-0.0362027,40,0
19868,019866,gear_desy2015_06c.xml,5.6,506,c506-ia24-trim28tb-nochiller-gaincal.dat,desy_weibull_decorr_pos,501,c501-ia24-trim30tb-gaincal.dat,desy_weibull_decorr_pos,-4.61079,0.234181,56.1518,29.815,-0.562329,-0.0047241,-4.55216,-0.0362038,40,0
19869,019866,gear_desy2015_06c.xml,5.6,506,c506-ia24-trim28tb-nochiller-gaincal.dat,desy_weibull_decorr_pos,501,c501-ia24-trim30tb-gaincal.dat,desy_weibull_decorr_pos,-4.61011,0.253621,56.0606,28.0064,-0.552915,-0.0046778,-4.55209,-0.0364602,40,0
19870,019866,gear_desy2015_06c.xml,5.6,506,c506-ia24-trim28tb-nochiller-gaincal.dat,desy_weibull_decorr_pos,501,c501-ia24-trim30tb-gaincal.dat,desy_weibull_decorr_pos,-4.60898,0.178138,57.8409,37.3824,-0.49048,-0.0053252,-4.5518,-0.0367735,40,0
19871,019866,gear_desy2015_06c.xml,5.6,506,c506-ia24-trim28tb-nochiller-gaincal.dat,desy_weibull_decorr_pos,501,c501-ia24-trim30tb-gaincal.dat,desy_weibull_decorr_pos,-4.60784,0.1317,56.6035,39.0445,-0.621859,-0.0053491,-4.55203,-0.037017,40,0
19872,019866,gear_desy2015_06c.xml,5.6,506,c506-ia24-trim28tb-nochiller-gaincal.dat,desy_weibull_decorr_pos,501,c501-ia24-trim30tb-gaincal.dat,desy_weibull_decorr_pos,-4.60675,0.106314,57.2337,40.8828,-0.622977,-0.0054019,-4.55202,-0.0372545,40,0
19873,019866,gear_desy2015_06c.xml,5.6,506,c506-ia24-trim28tb-nochiller-gaincal.dat,desy_weibull_decorr_pos,501,c501-ia24-trim30tb-gaincal.dat,desy_weibull_decorr_pos,-4.60805,0.234554,56.0742,29.8167,-0.567675,-0.004721,-4.55218,-0.0367653,40,0
# more runs at 30deg overnight if needed...


# JUNE 22
# no chiller, trim 28
# running alignnment on those:
19928,019928,gear_desy2015_06c.xml,5.6,506,c506-ia24-trim28tb-nochiller-gaincal.dat,desy_weibull_decorr_pos,501,c501-ia24-trim30tb-gaincal.dat,desy_weibull_decorr_pos,-4.62522,0.27446,55.894,27.9055,-0.756092,-0.0074886,-4.55532,0.0433563,40,0
19929,019928,gear_desy2015_06c.xml,5.6,506,c506-ia24-trim28tb-nochiller-gaincal.dat,desy_weibull_decorr_pos,501,c501-ia24-trim30tb-gaincal.dat,desy_weibull_decorr_pos,-4.62528,0.274022,55.894,27.9055,-0.756092,-0.0074886,-4.55537,0.0432535,40,0
19930,019928,gear_desy2015_06c.xml,5.6,506,c506-ia24-trim28tb-nochiller-gaincal.dat,desy_weibull_decorr_pos,501,c501-ia24-trim30tb-gaincal.dat,desy_weibull_decorr_pos,-4.62526,0.273774,55.894,27.9055,-0.756092,-0.0074886,-4.55528,0.0432391,40,0
19931,019928,gear_desy2015_06c.xml,5.6,506,c506-ia24-trim28tb-nochiller-gaincal.dat,desy_weibull_decorr_pos,501,c501-ia24-trim30tb-gaincal.dat,desy_weibull_decorr_pos,-4.62525,0.273605,55.894,27.9055,-0.756092,-0.0074886,-4.55533,0.0432276,40,0
19932,019928,gear_desy2015_06c.xml,5.6,506,c506-ia24-trim28tb-nochiller-gaincal.dat,desy_weibull_decorr_pos,501,c501-ia24-trim30tb-gaincal.dat,desy_weibull_decorr_pos,-4.62518,0.273469,55.894,27.9055,-0.756092,-0.0074886,-4.55524,0.0432329,40,0
19933,019928,gear_desy2015_06c.xml,5.6,506,c506-ia24-trim28tb-nochiller-gaincal.dat,desy_weibull_decorr_pos,501,c501-ia24-trim30tb-gaincal.dat,desy_weibull_decorr_pos,-4.62514,0.273373,55.894,27.9055,-0.756092,-0.0074886,-4.55547,0.0431434,40,0
19934,019928,gear_desy2015_06c.xml,5.6,506,c506-ia24-trim28tb-nochiller-gaincal.dat,desy_weibull_decorr_pos,501,c501-ia24-trim30tb-gaincal.dat,desy_weibull_decorr_pos,-4.62513,0.273402,55.894,27.9055,-0.756092,-0.0074886,-4.55528,0.0431907,40,0

19937,019928,gear_desy2015_06c.xml,5.6,506,c506-ia24-trim28tb-nochiller-gaincal.dat,desy_weibull_decorr_pos,501,c501-ia24-trim30tb-gaincal.dat,desy_weibull_decorr_pos,-4.62519,0.276364,55.894,26.9055,-0.756092,-0.0074886,-4.5555,0.0430871,40,0
19938,019928,gear_desy2015_06c.xml,5.6,506,c506-ia24-trim28tb-nochiller-gaincal.dat,desy_weibull_decorr_pos,501,c501-ia24-trim30tb-gaincal.dat,desy_weibull_decorr_pos,-4.62514,0.280594,55.894,25.9055,-0.756092,-0.0074886,-4.55532,0.0430175,40,0
19939,019928,gear_desy2015_06c.xml,5.6,506,c506-ia24-trim28tb-nochiller-gaincal.dat,desy_weibull_decorr_pos,501,c501-ia24-trim30tb-gaincal.dat,desy_weibull_decorr_pos,-4.62514,0.280662,55.894,25.9055,-0.756092,-0.0074886,-4.55535,0.0430601,40,0
19940,019928,gear_desy2015_06c.xml,5.6,506,c506-ia24-trim28tb-nochiller-gaincal.dat,desy_weibull_decorr_pos,501,c501-ia24-trim30tb-gaincal.dat,desy_weibull_decorr_pos,-4.62519,0.284853,55.894,24.9055,-0.756092,-0.0074886,-4.55517,0.0429709,40,0
19941,019928,gear_desy2015_06c.xml,5.6,506,c506-ia24-trim28tb-nochiller-gaincal.dat,desy_weibull_decorr_pos,501,c501-ia24-trim30tb-gaincal.dat,desy_weibull_decorr_pos,-4.62516,0.284809,55.894,24.9055,-0.756092,-0.0074886,-4.55525,0.0429933,40,0
19942,019928,gear_desy2015_06c.xml,5.6,506,c506-ia24-trim28tb-nochiller-gaincal.dat,desy_weibull_decorr_pos,501,c501-ia24-trim30tb-gaincal.dat,desy_weibull_decorr_pos,-4.62517,0.316664,55.894,23.9055,-0.756092,-0.0074886,-4.55544,0.0430592,40,0
19943,019928,gear_desy2015_06c.xml,5.6,506,c506-ia24-trim28tb-nochiller-gaincal.dat,desy_weibull_decorr_pos,501,c501-ia24-trim30tb-gaincal.dat,desy_weibull_decorr_pos,-4.62513,0.316663,55.894,23.9055,-0.756092,-0.0074886,-4.55518,0.0428654,40,0

19945,019928,gear_desy2015_06c.xml,5.6,506,c506-ia24-trim28tb-nochiller-gaincal.dat,desy_weibull_decorr_pos,501,c501-ia24-trim30tb-gaincal.dat,desy_weibull_decorr_pos,-4.62511,0.280094,55.894,25.5055,-0.756092,-0.0074886,-4.5553,0.0428126,40,0
19946,019928,gear_desy2015_06c.xml,5.6,506,c506-ia24-trim28tb-nochiller-gaincal.dat,desy_weibull_decorr_pos,501,c501-ia24-trim30tb-gaincal.dat,desy_weibull_decorr_pos,-4.62509,0.280155,55.894,25.5055,-0.756092,-0.0074886,-4.55533,0.0430166,40,0
19947,019928,gear_desy2015_06c.xml,5.6,506,c506-ia24-trim28tb-nochiller-gaincal.dat,desy_weibull_decorr_pos,501,c501-ia24-trim30tb-gaincal.dat,desy_weibull_decorr_pos,-4.62516,0.274314,55.894,26.5055,-0.756092,-0.0074886,-4.55536,0.0429371,40,0
19948,019928,gear_desy2015_06c.xml,5.6,506,c506-ia24-trim28tb-nochiller-gaincal.dat,desy_weibull_decorr_pos,501,c501-ia24-trim30tb-gaincal.dat,desy_weibull_decorr_pos,-4.62524,0.274456,55.894,26.5055,-0.756092,-0.0074886,-4.55528,0.0429685,40,0
19949,019928,gear_desy2015_06c.xml,5.6,506,c506-ia24-trim28tb-nochiller-gaincal.dat,desy_weibull_decorr_pos,501,c501-ia24-trim30tb-gaincal.dat,desy_weibull_decorr_pos,-4.62516,0.274345,55.894,26.5055,-0.756092,-0.0074886,-4.55526,0.0429415,40,0
19950,019928,gear_desy2015_06c.xml,5.6,506,c506-ia24-trim28tb-nochiller-gaincal.dat,desy_weibull_decorr_pos,501,c501-ia24-trim30tb-gaincal.dat,desy_weibull_decorr_pos,-4.62516,0.27442,55.894,26.5055,-0.756092,-0.0074886,-4.55534,0.0427782,40,0
19951,019928,gear_desy2015_06c.xml,5.6,506,c506-ia24-trim28tb-nochiller-gaincal.dat,desy_weibull_decorr_pos,501,c501-ia24-trim30tb-gaincal.dat,desy_weibull_decorr_pos,-4.62518,0.268775,55.894,27.5055,-0.756092,-0.0074886,-4.55536,0.0428605,40,0
19952,019928,gear_desy2015_06c.xml,5.6,506,c506-ia24-trim28tb-nochiller-gaincal.dat,desy_weibull_decorr_pos,501,c501-ia24-trim30tb-gaincal.dat,desy_weibull_decorr_pos,-4.62515,0.268829,55.894,27.5055,-0.756092,-0.0074886,-4.55526,0.042805,40,0
19953,019928,gear_desy2015_06c.xml,5.6,506,c506-ia24-trim28tb-nochiller-gaincal.dat,desy_weibull_decorr_pos,501,c501-ia24-trim30tb-gaincal.dat,desy_weibull_decorr_pos,-4.62519,0.265111,55.894,28.5055,-0.756092,-0.0074886,-4.55534,0.0427449,40,0
19954,019928,gear_desy2015_06c.xml,5.6,506,c506-ia24-trim28tb-nochiller-gaincal.dat,desy_weibull_decorr_pos,501,c501-ia24-trim30tb-gaincal.dat,desy_weibull_decorr_pos,-4.62522,0.2651,55.894,28.5055,-0.756092,-0.0074886,-4.55531,0.04294,40,0
19955,019928,gear_desy2015_06c.xml,5.6,506,c506-ia24-trim28tb-nochiller-gaincal.dat,desy_weibull_decorr_pos,501,c501-ia24-trim30tb-gaincal.dat,desy_weibull_decorr_pos,-4.62517,0.234994,55.894,29.5055,-0.756092,-0.0074886,-4.5554,0.042967,40,0
19956,019928,gear_desy2015_06c.xml,5.6,506,c506-ia24-trim28tb-nochiller-gaincal.dat,desy_weibull_decorr_pos,501,c501-ia24-trim30tb-gaincal.dat,desy_weibull_decorr_pos,-4.62519,0.235019,55.894,29.5055,-0.756092,-0.0074886,-4.55543,0.0429102,40,0
19957,019928,gear_desy2015_06c.xml,5.6,506,c506-ia24-trim28tb-nochiller-gaincal.dat,desy_weibull_decorr_pos,501,c501-ia24-trim30tb-gaincal.dat,desy_weibull_decorr_pos,-4.62519,0.230439,55.894,30.5055,-0.756092,-0.0074886,-4.55528,0.0429306,40,0
19958,019928,gear_desy2015_06c.xml,5.6,506,c506-ia24-trim28tb-nochiller-gaincal.dat,desy_weibull_decorr_pos,501,c501-ia24-trim30tb-gaincal.dat,desy_weibull_decorr_pos,-4.62523,0.230391,55.894,30.5055,-0.756092,-0.0074886,-4.55543,0.0427527,40,0
