RunNumber,AlignmentRun,GearFile,BeamEnergy,dut_chip,dut_gain,dut_gain_type,dut_conversion,ref_chip,ref_gain,ref_gain_type,dut_align_x,dut_align_y,dut_pos_z,dut_tilt,dut_turn,dut_rot,ref_align_x,ref_align_y,ref_pos_z,ref_rot
# Warning: no blank before dut_gain,ref_gain
# Warning: don''''t start with tilt = 0 or turn = 0 oe rot = 0: MillePede won''''t work (sin(0) = 0)'
# Warning: don''''t start with pos_z = 0: GBL crash when planes overlap'
# 2015 beams:,

# FEBRUARY 24
14686,014686,gear_desy2015_02b.xml,5.6,506,c506-ia24-trim30tb-gaincal.dat,desy_weibull_decorr_pos,0,404,c404-ia27-trim30.dat,desy_weibull_decorr_pos,-1.93393,0.124138,55.2525,23,0.00001,-0.00411861,-1,-0.1,40,0
14688,014686,gear_desy2015_02b.xml,5.6,506,c506-ia24-trim30tb-gaincal.dat,desy_weibull_decorr_pos,0,404,c404-ia27-trim30.dat,desy_weibull_decorr_pos,-1.93393,0.124138,55.2525,23,0.00001,-0.00411861,-1,-0.1,40,0

14689,014686,gear_desy2015_02b.xml,5.6,506,c506-ia24-trim30tb-gaincal.dat,desy_weibull_decorr_pos,0,404,c404-ia27-trim30.dat,desy_weibull_decorr_pos,-1.93393,0.124138,55.2525,19,0.00001,-0.00411861,-1,-0.1,40,0
14690,014686,gear_desy2015_02b.xml,5.6,506,c506-ia24-trim30tb-gaincal.dat,desy_weibull_decorr_pos,0,404,c404-ia27-trim30.dat,desy_weibull_decorr_pos,-1.93393,0.124138,55.2525,19,0.00001,-0.00411861,-1,-0.1,40,0
14691,014686,gear_desy2015_02b.xml,5.6,506,c506-ia24-trim30tb-gaincal.dat,desy_weibull_decorr_pos,0,404,c404-ia27-trim30.dat,desy_weibull_decorr_pos,-1.93393,0.124138,55.2525,19,0.00001,-0.00411861,-1,-0.1,40,0
14693,014686,gear_desy2015_02b.xml,5.6,506,c506-ia24-trim30tb-gaincal.dat,desy_weibull_decorr_pos,0,404,c404-ia27-trim30.dat,desy_weibull_decorr_pos,-1.93393,0.124138,55.2525,19,0.00001,-0.00411861,-1,-0.1,40,0

14694,014686,gear_desy2015_02b.xml,5.6,506,c506-ia24-trim30tb-gaincal.dat,desy_weibull_decorr_pos,0,404,c404-ia27-trim30.dat,desy_weibull_decorr_pos,-1.93393,0.124138,55.2525,18,0.00001,-0.00411861,-1,-0.1,40,0
14695,014686,gear_desy2015_02b.xml,5.6,506,c506-ia24-trim30tb-gaincal.dat,desy_weibull_decorr_pos,0,404,c404-ia27-trim30.dat,desy_weibull_decorr_pos,-1.93393,0.124138,55.2525,18,0.00001,-0.00411861,-1,-0.1,40,0
14696,014686,gear_desy2015_02b.xml,5.6,506,c506-ia24-trim30tb-gaincal.dat,desy_weibull_decorr_pos,0,404,c404-ia27-trim30.dat,desy_weibull_decorr_pos,-1.93393,0.124138,55.2525,18,0.00001,-0.00411861,-1,-0.1,40,0

14697,014686,gear_desy2015_02b.xml,5.6,506,c506-ia24-trim30tb-gaincal.dat,desy_weibull_decorr_pos,0,404,c404-ia27-trim30.dat,desy_weibull_decorr_pos,-1.93393,0.124138,55.2525,16,0.00001,-0.00411861,-1,-0.1,40,0
14698,014686,gear_desy2015_02b.xml,5.6,506,c506-ia24-trim30tb-gaincal.dat,desy_weibull_decorr_pos,0,404,c404-ia27-trim30.dat,desy_weibull_decorr_pos,-1.93393,0.124138,55.2525,16,0.00001,-0.00411861,-1,-0.1,40,0

14699,014686,gear_desy2015_02b.xml,5.6,506,c506-ia24-trim30tb-gaincal.dat,desy_weibull_decorr_pos,0,404,c404-ia27-trim30.dat,desy_weibull_decorr_pos,-1.93393,0.124138,55.2525,14,0.00001,-0.00411861,-1,-0.1,40,0
14700,014686,gear_desy2015_02b.xml,5.6,506,c506-ia24-trim30tb-gaincal.dat,desy_weibull_decorr_pos,0,404,c404-ia27-trim30.dat,desy_weibull_decorr_pos,-1.93393,0.124138,55.2525,14,0.00001,-0.00411861,-1,-0.1,40,0

14701,014686,gear_desy2015_02b.xml,5.6,506,c506-ia24-trim30tb-gaincal.dat,desy_weibull_decorr_pos,0,404,c404-ia27-trim30.dat,desy_weibull_decorr_pos,-1.93393,0.124138,55.2525,10,0.00001,-0.00411861,-1,-0.1,40,0
14702,014686,gear_desy2015_02b.xml,5.6,506,c506-ia24-trim30tb-gaincal.dat,desy_weibull_decorr_pos,0,404,c404-ia27-trim30.dat,desy_weibull_decorr_pos,-1.93393,0.124138,55.2525,10,0.00001,-0.00411861,-1,-0.1,40,0

14703,014686,gear_desy2015_02b.xml,5.6,506,c506-ia24-trim30tb-gaincal.dat,desy_weibull_decorr_pos,0,404,c404-ia27-trim30.dat,desy_weibull_decorr_pos,-1.93393,0.124138,55.2525,6,0.00001,-0.00411861,-1,-0.1,40,0
14704,014686,gear_desy2015_02b.xml,5.6,506,c506-ia24-trim30tb-gaincal.dat,desy_weibull_decorr_pos,0,404,c404-ia27-trim30.dat,desy_weibull_decorr_pos,-1.93393,0.124138,55.2525,6,0.00001,-0.00411861,-1,-0.1,40,0

14705,014686,gear_desy2015_02b.xml,5.6,506,c506-ia24-trim30tb-gaincal.dat,desy_weibull_decorr_pos,0,404,c404-ia27-trim30.dat,desy_weibull_decorr_pos,-1.93393,0.124138,55.2525,1.3,0.00001,-0.00411861,-1,-0.1,40,0
14706,014686,gear_desy2015_02b.xml,5.6,506,c506-ia24-trim30tb-gaincal.dat,desy_weibull_decorr_pos,0,404,c404-ia27-trim30.dat,desy_weibull_decorr_pos,-1.93393,0.124138,55.2525,1.3,0.00001,-0.00411861,-1,-0.1,40,0



14734,014734,gear_desy2015_02d.xml,5.6,506,c506-ia24-trim30tb-gaincal.dat,desy_weibull_decorr_pos,0,404,c404-ia27-trim30.dat,desy_weibull_decorr_pos,-1.93393,0.124138,55.2525,0.1,0.00001,-0.00411861,-1,-0.1,40,0
14744,014734,gear_desy2015_02d.xml,5.6,506,c506-ia24-trim30tb-gaincal.dat,desy_weibull_decorr_pos,0,404,c404-ia27-trim30.dat,desy_weibull_decorr_pos,-1.93393,0.124138,55.2525,0.1,0.00001,-0.00411861,-1,-0.1,40,0
14745,014734,gear_desy2015_02d.xml,5.6,506,c506-ia24-trim30tb-gaincal.dat,desy_weibull_decorr_pos,0,404,c404-ia27-trim30.dat,desy_weibull_decorr_pos,-1.93393,0.124138,55.2525,0.1,0.00001,-0.00411861,-1,-0.1,40,0
14746,014734,gear_desy2015_02d.xml,5.6,506,c506-ia24-trim30tb-gaincal.dat,desy_weibull_decorr_pos,0,404,c404-ia27-trim30.dat,desy_weibull_decorr_pos,-1.93393,0.124138,55.2525,0.1,0.00001,-0.00411861,-1,-0.1,40,0
14747,014734,gear_desy2015_02d.xml,5.6,506,c506-ia24-trim30tb-gaincal.dat,desy_weibull_decorr_pos,0,404,c404-ia27-trim30.dat,desy_weibull_decorr_pos,-1.93393,0.124138,55.2525,0.1,0.00001,-0.00411861,-1,-0.1,40,0
14748,014734,gear_desy2015_02d.xml,5.6,506,c506-ia24-trim30tb-gaincal.dat,desy_weibull_decorr_pos,0,404,c404-ia27-trim30.dat,desy_weibull_decorr_pos,-1.93393,0.124138,55.2525,0.1,0.00001,-0.00411861,-1,-0.1,40,0
14749,014734,gear_desy2015_02d.xml,5.6,506,c506-ia24-trim30tb-gaincal.dat,desy_weibull_decorr_pos,0,404,c404-ia27-trim30.dat,desy_weibull_decorr_pos,-1.93393,0.124138,55.2525,0.1,0.00001,-0.00411861,-1,-0.1,40,0






# APRIL 9
# chip 506 vicolor 255 trim 30 ia24
#15479,015497,gear_desy2015_04e.xml,5.6,506,c506-ia24-trim30tb-gaincal.dat,desy_weibull_decorr_pos,0.284,404,c404-ia27-trim30.dat,desy_weibull_decorr_pos,-3.64104699,-2.92848204,72.0298967,69.4957823,0.0177118759,-0.0173330208,-3.15496993,-0.945348024,40,0
15480,015497,gear_desy2015_04e.xml,5.6,506,c506-ia24-trim30tb-gaincal.dat,desy_weibull_decorr_pos,0,404,c404-ia27-trim30.dat,desy_weibull_decorr_pos,-3.62814,-2.82837,80.0297,63.6149,-1.21446,-0.024583,-3.15497,-0.945348,40,0
15481,015497,gear_desy2015_04e.xml,5.6,506,c506-ia24-trim30tb-gaincal.dat,desy_weibull_decorr_pos,0,404,c404-ia27-trim30.dat,desy_weibull_decorr_pos,-3.63176,-2.42387,79.4511,58.6553,-1.00234,-0.021251,-3.1555,-0.946254,40,0
15482,015497,gear_desy2015_04e.xml,5.6,506,c506-ia24-trim30tb-gaincal.dat,desy_weibull_decorr_pos,0,404,c404-ia27-trim30.dat,desy_weibull_decorr_pos,-3.63127,-2.29705,79.37,56.6492,-0.92756,-0.0202351,-3.15656,-0.945798,40,0
15483,015497,gear_desy2015_04e.xml,5.6,506,c506-ia24-trim30tb-gaincal.dat,desy_weibull_decorr_pos,0,404,c404-ia27-trim30.dat,desy_weibull_decorr_pos,-3.63379,-2.19179,79.1667,54.6756,-0.865473,-0.0192677,-3.15631,-0.946192,40,0
15484,015497,gear_desy2015_04e.xml,5.6,506,c506-ia24-trim30tb-gaincal.dat,desy_weibull_decorr_pos,0,404,c404-ia27-trim30.dat,desy_weibull_decorr_pos,-3.63636,-2.09973,79.0446,52.6832,-0.806846,-0.0184392,-3.15613,-0.946213,40,0
15485,015497,gear_desy2015_04e.xml,5.6,506,c506-ia24-trim30tb-gaincal.dat,desy_weibull_decorr_pos,0,404,c404-ia27-trim30.dat,desy_weibull_decorr_pos,-3.63186,-2.00767,78.7737,50.644,-0.756001,-0.0177934,-3.15717,-0.94578,40,0
15486,015497,gear_desy2015_04e.xml,5.6,506,c506-ia24-trim30tb-gaincal.dat,desy_weibull_decorr_pos,0,404,c404-ia27-trim30.dat,desy_weibull_decorr_pos,-3.63512,-1.93972,78.7324,48.6997,-0.705444,-0.0171202,-3.15671,-0.945903,40,0
15487,015497,gear_desy2015_04e.xml,5.6,506,c506-ia24-trim30tb-gaincal.dat,desy_weibull_decorr_pos,0,404,c404-ia27-trim30.dat,desy_weibull_decorr_pos,-3.63992,-1.88227,78.6506,46.7813,-0.671111,-0.0165971,-3.15671,-0.945972,40,0

15494,015497,gear_desy2015_04e.xml,5.6,506,c506-ia24-trim30tb-gaincal.dat,desy_weibull_decorr_pos,0,404,c404-ia27-trim30.dat,desy_weibull_decorr_pos,-3.64213,-1.79109,78.296,44.4337,-0.720363,-0.0162248,-3.15726,-0.947488,40,0
15495,015497,gear_desy2015_04e.xml,5.6,506,c506-ia24-trim30tb-gaincal.dat,desy_weibull_decorr_pos,0,404,c404-ia27-trim30.dat,desy_weibull_decorr_pos,-3.65428,-1.75729,78.1653,42.565,-0.685869,-0.0156963,-3.15749,-0.947503,40,0
15496,015497,gear_desy2015_04e.xml,5.6,506,c506-ia24-trim30tb-gaincal.dat,desy_weibull_decorr_pos,0,404,c404-ia27-trim30.dat,desy_weibull_decorr_pos,-3.66358,-1.72308,78.0833,40.6139,-0.645875,-0.015241,-3.15747,-0.947557,40,0
15497,015497,gear_desy2015_04e.xml,5.6,506,c506-ia24-trim30tb-gaincal.dat,desy_weibull_decorr_pos,0,404,c404-ia27-trim30.dat,desy_weibull_decorr_pos,-3.62578,-1.64374,78.0919,38.3561,-0.608205,-0.0150132,-3.15689,-0.946499,40,0
15498,015497,gear_desy2015_04e.xml,5.6,506,c506-ia24-trim30tb-gaincal.dat,desy_weibull_decorr_pos,0,404,c404-ia27-trim30.dat,desy_weibull_decorr_pos,-3.62991,-1.51834,57.9446,27.021,-0.430351,-0.0129808,-3.15622,-0.946569,40,0
15499,015497,gear_desy2015_04e.xml,5.6,506,c506-ia24-trim30tb-gaincal.dat,desy_weibull_decorr_pos,0,404,c404-ia27-trim30.dat,desy_weibull_decorr_pos,-3.62882,-1.51607,57.7994,27.0215,-0.436049,-0.0129963,-3.15697,-0.946233,40,0



# APRIL 10
15535,015535,gear_desy2015_04e.xml,5.6,506,c506-ia24-trim30tb-gaincal.dat,desy_weibull_decorr_pos,0,404,c404-ia27-trim30.dat,desy_weibull_decorr_pos,-3.59687,-2.48909,78.9953,60.4031,-1.16588,-0.0228388,-3.15924,-0.945326,40,0
15536,015535,gear_desy2015_04e.xml,5.6,506,c506-ia24-trim30tb-gaincal.dat,desy_weibull_decorr_pos,0,404,c404-ia27-trim30.dat,desy_weibull_decorr_pos,-3.59257,-2.64029,79.0903,62.3333,-1.2588,-0.0242377,-3.15927,-0.945164,40,0
15537,015535,gear_desy2015_04e.xml,5.6,506,c506-ia24-trim30tb-gaincal.dat,desy_weibull_decorr_pos,0,404,c404-ia27-trim30.dat,desy_weibull_decorr_pos,-3.58926,-2.82316,79.4065,64.2884,-1.35072,-0.0258193,-3.15892,-0.945041,40,0
15538,015535,gear_desy2015_04e.xml,5.6,506,c506-ia24-trim30tb-gaincal.dat,desy_weibull_decorr_pos,0,404,c404-ia27-trim30.dat,desy_weibull_decorr_pos,-3.58513,-3.04172,79.4951,66.2521,-1.47514,-0.0277203,-3.15847,-0.94516,40,0




# JUNE 19
# Chip 506 (rot) turn angle scan at VIColOr 255
#cmsdyfct
# check landgaus: sigma&smear around 1.5? peak at 22ke?
19714,019714,gear_desy2015_06b.xml,5.6,506,c506-ia24-trim32tb-chiller15-gaincal.dat,desy_weibull_decorr_pos,0.271769,501,c501-ia24-trim30tb-gaincal.dat,desy_weibull_decorr_pos,-4.73795,0.210469,43.3461,40.0538,-0.753667,-0.00605027,-3.9424,-0.0511376,40,0
19715,019714,gear_desy2015_06b.xml,5.6,506,c506-ia24-trim32tb-chiller15-gaincal.dat,desy_weibull_decorr_pos,0.271466,501,c501-ia24-trim30tb-gaincal.dat,desy_weibull_decorr_pos,-4.7372,0.21136,43.4574,40.0634,-0.753918,-0.00610134,-3.94274,-0.0512131,40,0
19716,019714,gear_desy2015_06b.xml,5.6,506,c506-ia24-trim32tb-chiller15-gaincal.dat,desy_weibull_decorr_pos,0.271256,501,c501-ia24-trim30tb-gaincal.dat,desy_weibull_decorr_pos,-4.73429,0.229167,43.2271,38.3794,-0.743268,-0.00597584,-3.94359,-0.0508693,40,0
19717,019714,gear_desy2015_06b.xml,5.6,506,c506-ia24-trim32tb-chiller15-gaincal.dat,desy_weibull_decorr_pos,0.271936,501,c501-ia24-trim30tb-gaincal.dat,desy_weibull_decorr_pos,-4.73418,0.229292,43.3203,38.37,-0.744726,-0.00593384,-3.94361,-0.0506771,40,0
19718,019714,gear_desy2015_06b.xml,5.6,506,c506-ia24-trim32tb-chiller15-gaincal.dat,desy_weibull_decorr_pos,0.272579,501,c501-ia24-trim30tb-gaincal.dat,desy_weibull_decorr_pos,-4.73076,0.247672,43.4412,36.6073,-0.732019,-0.00582704,-3.94497,-0.0525364,40,0
19719,019714,gear_desy2015_06b.xml,5.6,506,c506-ia24-trim32tb-chiller15-gaincal.dat,desy_weibull_decorr_pos,0.273159,501,c501-ia24-trim30tb-gaincal.dat,desy_weibull_decorr_pos,-4.73053,0.247775,43.485,36.6103,-0.730068,-0.00584364,-3.94495,-0.0522272,40,0
19720,019714,gear_desy2015_06b.xml,5.6,506,c506-ia24-trim32tb-chiller15-gaincal.dat,desy_weibull_decorr_pos,0.273661,501,c501-ia24-trim30tb-gaincal.dat,desy_weibull_decorr_pos,-4.72809,0.264916,43.457,34.8582,-0.723268,-0.00573025,-3.94882,-0.0582504,40,0
19721,019714,gear_desy2015_06b.xml,5.6,506,c506-ia24-trim32tb-chiller15-gaincal.dat,desy_weibull_decorr_pos,0.273828,501,c501-ia24-trim30tb-gaincal.dat,desy_weibull_decorr_pos,-4.72838,0.264879,43.3746,34.8537,-0.720233,-0.00568987,-3.94847,-0.0578819,40,0
19722,019714,gear_desy2015_06b.xml,5.6,506,c506-ia24-trim32tb-chiller15-gaincal.dat,desy_weibull_decorr_pos,0.274255,501,c501-ia24-trim30tb-gaincal.dat,desy_weibull_decorr_pos,-4.72577,0.281789,43.4108,33.1038,-0.722576,-0.00563401,-3.95101,-0.0608718,40,0
19723,019714,gear_desy2015_06b.xml,5.6,506,c506-ia24-trim32tb-chiller15-gaincal.dat,desy_weibull_decorr_pos,0.274183,501,c501-ia24-trim30tb-gaincal.dat,desy_weibull_decorr_pos,-4.72601,0.281287,43.328,33.0987,-0.72397,-0.00555616,-3.95085,-0.0609819,40,0
19724,019714,gear_desy2015_06b.xml,5.6,506,c506-ia24-trim32tb-chiller15-gaincal.dat,desy_weibull_decorr_pos,0.275307,501,c501-ia24-trim30tb-gaincal.dat,desy_weibull_decorr_pos,-4.72306,0.297594,43.3854,31.3333,-0.70723,-0.00546535,-3.95241,-0.0618891,40,0
19725,019714,gear_desy2015_06b.xml,5.6,506,c506-ia24-trim32tb-chiller15-gaincal.dat,desy_weibull_decorr_pos,0.276145,501,c501-ia24-trim30tb-gaincal.dat,desy_weibull_decorr_pos,-4.72338,0.297251,43.4715,31.3316,-0.707288,-0.00545319,-3.95212,-0.0617649,40,0
19726,019714,gear_desy2015_06b.xml,5.6,506,c506-ia24-trim32tb-chiller15-gaincal.dat,desy_weibull_decorr_pos,0.277641,501,c501-ia24-trim30tb-gaincal.dat,desy_weibull_decorr_pos,-4.72003,0.313389,43.5466,29.5739,-0.706168,-0.00541109,-3.95317,-0.0624524,40,0
19727,019714,gear_desy2015_06b.xml,5.6,506,c506-ia24-trim32tb-chiller15-gaincal.dat,desy_weibull_decorr_pos,0.277599,501,c501-ia24-trim30tb-gaincal.dat,desy_weibull_decorr_pos,-4.72039,0.312794,43.4812,29.5729,-0.698516,-0.00533846,-3.95334,-0.062462,40,0
19728,019714,gear_desy2015_06b.xml,5.6,506,c506-ia24-trim32tb-chiller15-gaincal.dat,desy_weibull_decorr_pos,0.276828,501,c501-ia24-trim30tb-gaincal.dat,desy_weibull_decorr_pos,-4.72035,0.312799,43.5941,29.5708,-0.706414,-0.00537703,-3.95351,-0.0624265,40,0
19729,019714,gear_desy2015_06b.xml,5.6,506,c506-ia24-trim32tb-chiller15-gaincal.dat,desy_weibull_decorr_pos,0.277109,501,c501-ia24-trim30tb-gaincal.dat,desy_weibull_decorr_pos,-4.71719,0.328579,43.3943,27.8476,-0.695266,-0.00529277,-3.9539,-0.0629083,40,0
19730,019714,gear_desy2015_06b.xml,5.6,506,c506-ia24-trim32tb-chiller15-gaincal.dat,desy_weibull_decorr_pos,0.27784,501,c501-ia24-trim30tb-gaincal.dat,desy_weibull_decorr_pos,-4.71754,0.327906,43.5324,27.8411,-0.695369,-0.00527411,-3.954,-0.0628493,40,0
19731,019714,gear_desy2015_06b.xml,5.6,506,c506-ia24-trim32tb-chiller15-gaincal.dat,desy_weibull_decorr_pos,0.27868,501,c501-ia24-trim30tb-gaincal.dat,desy_weibull_decorr_pos,-4.7144,0.343929,43.3717,26.1265,-0.687836,-0.00517308,-3.95482,-0.0636595,40,0
19732,019714,gear_desy2015_06b.xml,5.6,506,c506-ia24-trim32tb-chiller15-gaincal.dat,desy_weibull_decorr_pos,0.278077,501,c501-ia24-trim30tb-gaincal.dat,desy_weibull_decorr_pos,-4.71506,0.343301,43.3826,26.1248,-0.703333,-0.00523066,-3.95465,-0.0635506,40,0
19733,019714,gear_desy2015_06b.xml,5.6,506,c506-ia24-trim32tb-chiller15-gaincal.dat,desy_weibull_decorr_pos,0.278312,501,c501-ia24-trim30tb-gaincal.dat,desy_weibull_decorr_pos,-4.72215,0.351208,43.3849,24.4519,-0.691412,-0.0051373,-3.95595,-0.0643085,40,0
19734,019714,gear_desy2015_06b.xml,5.6,506,c506-ia24-trim32tb-chiller15-gaincal.dat,desy_weibull_decorr_pos,0.27832,501,c501-ia24-trim30tb-gaincal.dat,desy_weibull_decorr_pos,-4.72314,0.350339,43.5057,24.4428,-0.6961,-0.00510988,-3.95572,-0.0641674,40,0
19735,019714,gear_desy2015_06b.xml,5.6,506,c506-ia24-trim32tb-chiller15-gaincal.dat,desy_weibull_decorr_pos,0.277813,501,c501-ia24-trim30tb-gaincal.dat,desy_weibull_decorr_pos,-4.72337,0.349889,43.7118,24.4399,-0.68318,-0.005112,-3.95576,-0.064047,40,0


# JUNE 20
# no chiller connected!
#alignment run
19807,019807,gear_desy2015_06b.xml,5.6,506,c506-ia24-trim32tb-nochill-gaincal.dat,desy_weibull_decorr_pos,0.287567,501,c501-ia24-trim30tb-gaincal.dat,desy_weibull_decorr_pos,-4.63805,0.25516,51.3917,27.2587,-0.536598,-0.00453574,-4.6,0,40,0

# tilt scan:
19809,019807,gear_desy2015_06b.xml,5.6,506,c506-ia24-trim32tb-nochill-gaincal.dat,desy_weibull_decorr_pos,0.277228,501,c501-ia24-trim30tb-gaincal.dat,desy_weibull_decorr_pos,-4.63513,-0.0972345,51.5202,53.1163,-0.657851,-0.0059859,-4.64589,-0.0429891,40,0
19810,019807,gear_desy2015_06b.xml,5.6,506,c506-ia24-trim32tb-nochill-gaincal.dat,desy_weibull_decorr_pos,0.277239,501,c501-ia24-trim30tb-gaincal.dat,desy_weibull_decorr_pos,-4.63504,-0.0966267,51.5651,53.1196,-0.657781,-0.00594816,-4.64603,-0.0430336,40,0
19811,019807,gear_desy2015_06b.xml,5.6,506,c506-ia24-trim32tb-nochill-gaincal.dat,desy_weibull_decorr_pos,0.276384,501,c501-ia24-trim30tb-gaincal.dat,desy_weibull_decorr_pos,-4.63572,-0.132366,51.5344,54.9051,-0.665825,-0.00615174,-4.6462,-0.0436567,40,0
19812,019807,gear_desy2015_06b.xml,5.6,506,c506-ia24-trim32tb-nochill-gaincal.dat,desy_weibull_decorr_pos,0.275183,501,c501-ia24-trim30tb-gaincal.dat,desy_weibull_decorr_pos,-4.63532,-0.132726,51.7089,54.9108,-0.668073,-0.00613179,-4.64604,-0.0436417,40,0
19813,019807,gear_desy2015_06b.xml,5.6,506,c506-ia24-trim32tb-nochill-gaincal.dat,desy_weibull_decorr_pos,0.274749,501,c501-ia24-trim30tb-gaincal.dat,desy_weibull_decorr_pos,-4.6361,-0.171547,51.3603,56.7205,-0.690424,-0.00642927,-4.64595,-0.0439936,40,0
19814,019807,gear_desy2015_06b.xml,5.6,506,c506-ia24-trim32tb-nochill-gaincal.dat,desy_weibull_decorr_pos,0.274285,501,c501-ia24-trim30tb-gaincal.dat,desy_weibull_decorr_pos,-4.63565,-0.171243,51.5283,56.7221,-0.686391,-0.00639892,-4.64609,-0.0442126,40,0
19815,019807,gear_desy2015_06b.xml,5.6,506,c506-ia24-trim32tb-nochill-gaincal.dat,desy_weibull_decorr_pos,0.273272,501,c501-ia24-trim30tb-gaincal.dat,desy_weibull_decorr_pos,-4.63621,-0.213823,51.657,58.5245,-0.70344,-0.00669033,-4.64627,-0.0449701,40,0
19816,019807,gear_desy2015_06b.xml,5.6,506,c506-ia24-trim32tb-nochill-gaincal.dat,desy_weibull_decorr_pos,0.274561,501,c501-ia24-trim30tb-gaincal.dat,desy_weibull_decorr_pos,-4.63555,-0.21397,51.8244,58.5256,-0.70603,-0.0066143,-4.64619,-0.0446341,40,0
19817,019807,gear_desy2015_06b.xml,5.6,506,c506-ia24-trim32tb-nochill-gaincal.dat,desy_weibull_decorr_pos,0.27227,501,c501-ia24-trim30tb-gaincal.dat,desy_weibull_decorr_pos,-4.63583,-0.260132,51.7046,60.3215,-0.717919,-0.00681694,-4.64627,-0.0454204,40,0
19818,019807,gear_desy2015_06b.xml,5.6,506,c506-ia24-trim32tb-nochill-gaincal.dat,desy_weibull_decorr_pos,0.27267,501,c501-ia24-trim30tb-gaincal.dat,desy_weibull_decorr_pos,-4.63532,-0.259502,51.7046,60.3258,-0.721889,-0.00684421,-4.6465,-0.0452824,40,0
19819,019807,gear_desy2015_06b.xml,5.6,506,c506-ia24-trim32tb-nochill-gaincal.dat,desy_weibull_decorr_pos,0.27051,501,c501-ia24-trim30tb-gaincal.dat,desy_weibull_decorr_pos,-4.63498,-0.309966,51.8472,62.1155,-0.749169,-0.00734149,-4.64633,-0.0458479,40,0
19820,019807,gear_desy2015_06b.xml,5.6,506,c506-ia24-trim32tb-nochill-gaincal.dat,desy_weibull_decorr_pos,0.271041,501,c501-ia24-trim30tb-gaincal.dat,desy_weibull_decorr_pos,-4.63487,-0.310084,51.9817,62.1132,-0.751796,-0.00724466,-4.64675,-0.0459769,40,0
19821,019807,gear_desy2015_06b.xml,5.6,506,c506-ia24-trim32tb-nochill-gaincal.dat,desy_weibull_decorr_pos,0.27007,501,c501-ia24-trim30tb-gaincal.dat,desy_weibull_decorr_pos,-4.63514,-0.368448,51.7652,63.9282,-0.764825,-0.00761137,-4.64704,-0.0466224,40,0
19822,019807,gear_desy2015_06b.xml,5.6,506,c506-ia24-trim32tb-nochill-gaincal.dat,desy_weibull_decorr_pos,0.2699,501,c501-ia24-trim30tb-gaincal.dat,desy_weibull_decorr_pos,-4.63468,-0.368686,52.0102,63.9255,-0.779252,-0.00778874,-4.6469,-0.0467369,40,0
19823,019807,gear_desy2015_06b.xml,5.6,506,c506-ia24-trim32tb-nochill-gaincal.dat,desy_weibull_decorr_pos,0.268029,501,c501-ia24-trim30tb-gaincal.dat,desy_weibull_decorr_pos,-4.63403,-0.435949,52.1518,65.7138,-0.797278,-0.0079476,-4.64745,-0.0469529,40,0
19824,019807,gear_desy2015_06b.xml,5.6,506,c506-ia24-trim32tb-nochill-gaincal.dat,desy_weibull_decorr_pos,0.267965,501,c501-ia24-trim30tb-gaincal.dat,desy_weibull_decorr_pos,-4.6341,-0.434199,52.0764,65.7157,-0.808196,-0.00827474,-4.64704,-0.0471986,40,0

19826,019807,gear_desy2015_06c.xml,5.6,506,c506-ia24-trim32tb-nochill-gaincal.dat,desy_weibull_decorr_pos,0.266197,501,c501-ia24-trim30tb-gaincal.dat,desy_weibull_decorr_pos,-4.63286,-0.509238,52.1789,67.5112,-0.829539,-0.0085894,-4.64646,-0.0464217,40,0
19827,019807,gear_desy2015_06c.xml,5.6,506,c506-ia24-trim32tb-nochill-gaincal.dat,desy_weibull_decorr_pos,0.26599,501,c501-ia24-trim30tb-gaincal.dat,desy_weibull_decorr_pos,-4.63262,-0.509967,52.0811,67.5094,-0.811312,-0.00839943,-4.64678,-0.0463821,40,0
19828,019807,gear_desy2015_06c.xml,5.6,506,c506-ia24-trim32tb-nochill-gaincal.dat,desy_weibull_decorr_pos,0.263402,501,c501-ia24-trim30tb-gaincal.dat,desy_weibull_decorr_pos,-4.63192,-0.595008,52.1516,69.2987,-0.867334,-0.00914051,-4.64712,-0.046863,40,0
19829,019807,gear_desy2015_06c.xml,5.6,506,c506-ia24-trim32tb-nochill-gaincal.dat,desy_weibull_decorr_pos,0.264806,501,c501-ia24-trim30tb-gaincal.dat,desy_weibull_decorr_pos,-4.63112,-0.595349,52.4091,69.2964,-0.859568,-0.00908716,-4.64707,-0.0466751,40,0
19830,019807,gear_desy2015_06c.xml,5.6,506,c506-ia24-trim32tb-nochill-gaincal.dat,desy_weibull_decorr_pos,0.262367,501,c501-ia24-trim30tb-gaincal.dat,desy_weibull_decorr_pos,-4.6303,-0.697463,52.4385,71.1018,-0.891816,-0.0096022,-4.64728,-0.0470938,40,0
19831,019807,gear_desy2015_06c.xml,5.6,506,c506-ia24-trim32tb-nochill-gaincal.dat,desy_weibull_decorr_pos,0.263204,501,c501-ia24-trim30tb-gaincal.dat,desy_weibull_decorr_pos,-4.63016,-0.696794,52.3961,71.1084,-0.894885,-0.00973038,-4.64741,-0.0468571,40,0
19832,019807,gear_desy2015_06c.xml,5.6,506,c506-ia24-trim32tb-nochill-gaincal.dat,desy_weibull_decorr_pos,0.260032,501,c501-ia24-trim30tb-gaincal.dat,desy_weibull_decorr_pos,-4.62948,-0.81718,52.6481,72.9042,-0.954418,-0.0106511,-4.64769,-0.0476091,40,0
19833,019807,gear_desy2015_06c.xml,5.6,506,c506-ia24-trim32tb-nochill-gaincal.dat,desy_weibull_decorr_pos,0.259563,501,c501-ia24-trim30tb-gaincal.dat,desy_weibull_decorr_pos,-4.62884,-0.816511,52.4789,72.9072,-0.958824,-0.0106519,-4.64738,-0.0473627,40,0
19834,019807,gear_desy2015_06c.xml,5.6,506,c506-ia24-trim32tb-nochill-gaincal.dat,desy_weibull_decorr_pos,0.256576,501,c501-ia24-trim30tb-gaincal.dat,desy_weibull_decorr_pos,-4.62825,-0.963418,52.826,74.7083,-1.00985,-0.0116912,-4.64765,-0.0477676,40,0
19835,019807,gear_desy2015_06c.xml,5.6,506,c506-ia24-trim32tb-nochill-gaincal.dat,desy_weibull_decorr_pos,0.256266,501,c501-ia24-trim30tb-gaincal.dat,desy_weibull_decorr_pos,-4.62772,-0.96305,52.8273,74.7013,-1.00066,-0.0114195,-4.64785,-0.0477646,40,0
19836,019807,gear_desy2015_06c.xml,5.6,506,c506-ia24-trim32tb-nochill-gaincal.dat,desy_weibull_decorr_pos,0.253326,501,c501-ia24-trim30tb-gaincal.dat,desy_weibull_decorr_pos,-4.62709,-1.14293,52.9643,76.4881,-1.09875,-0.0131482,-4.64783,-0.0480796,40,0
19837,019807,gear_desy2015_06c.xml,5.6,506,c506-ia24-trim32tb-nochill-gaincal.dat,desy_weibull_decorr_pos,0.253208,501,c501-ia24-trim30tb-gaincal.dat,desy_weibull_decorr_pos,-4.62678,-1.14437,53.1218,76.4898,-1.08501,-0.0128763,-4.64783,-0.0480796,40,0
19838,019807,gear_desy2015_06c.xml,5.6,506,c506-ia24-trim32tb-nochill-gaincal.dat,desy_weibull_decorr_pos,0.249879,501,c501-ia24-trim30tb-gaincal.dat,desy_weibull_decorr_pos,-4.62648,-1.38109,53.1028,78.2952,-1.19461,-0.014896,-4.64821,-0.0479146,40,0
19839,019807,gear_desy2015_06c.xml,5.6,506,c506-ia24-trim32tb-nochill-gaincal.dat,desy_weibull_decorr_pos,0.249435,501,c501-ia24-trim30tb-gaincal.dat,desy_weibull_decorr_pos,-4.62555,-1.38278,53.2082,78.297,-1.19711,-0.0145431,-4.648,-0.0479438,40,0

19841,019807,gear_desy2015_06c.xml,5.6,506,c506-ia24-trim32tb-nochill-gaincal.dat,desy_weibull_decorr_pos,0.246736,501,c501-ia24-trim30tb-gaincal.dat,desy_weibull_decorr_pos,-4.62364,-1.70151,53.691,80.0888,-1.33844,-0.0170813,-4.64813,-0.0472043,40,0
19842,019807,gear_desy2015_06c.xml,5.6,506,c506-ia24-trim32tb-nochill-gaincal.dat,desy_weibull_decorr_pos,0.245969,501,c501-ia24-trim30tb-gaincal.dat,desy_weibull_decorr_pos,-4.62426,-1.69961,53.2464,80.0854,-1.30645,-0.0168043,-4.64831,-0.0472349,40,0
19844,019807,gear_desy2015_06c.xml,5.6,506,c506-ia24-trim32tb-nochill-gaincal.dat,desy_weibull_decorr_pos,0.245788,501,c501-ia24-trim30tb-gaincal.dat,desy_weibull_decorr_pos,-4.62026,-2.15257,54.3639,81.8739,-1.55181,-0.0206638,-4.6482,-0.0453436,40,0

19845,019807,gear_desy2015_06c.xml,5.6,506,c506-ia24-trim32tb-nochill-gaincal.dat,desy_weibull_decorr_pos,0.281754,501,c501-ia24-trim30tb-gaincal.dat,desy_weibull_decorr_pos,-4.6238,-0.117752,51.4937,54.0633,-0.671225,-0.00611931,-4.64542,-0.0427623,40,0
19846,019807,gear_desy2015_06c.xml,5.6,506,c506-ia24-trim32tb-nochill-gaincal.dat,desy_weibull_decorr_pos,0.281663,501,c501-ia24-trim30tb-gaincal.dat,desy_weibull_decorr_pos,-4.62394,-0.117352,51.5208,54.0593,-0.676534,-0.00616385,-4.6454,-0.0429528,40,0
19847,019807,gear_desy2015_06c.xml,5.6,506,c506-ia24-trim32tb-nochill-gaincal.dat,desy_weibull_decorr_pos,0.280505,501,c501-ia24-trim30tb-gaincal.dat,desy_weibull_decorr_pos,-4.62423,-0.155144,51.6259,55.8298,-0.687161,-0.00629753,-4.64544,-0.0434494,40,0
19848,019807,gear_desy2015_06c.xml,5.6,506,c506-ia24-trim32tb-nochill-gaincal.dat,desy_weibull_decorr_pos,0.281395,501,c501-ia24-trim30tb-gaincal.dat,desy_weibull_decorr_pos,-4.62364,-0.155313,51.7895,55.8315,-0.676314,-0.00623816,-4.64538,-0.043553,40,0
19849,019807,gear_desy2015_06c.xml,5.6,506,c506-ia24-trim32tb-nochill-gaincal.dat,desy_weibull_decorr_pos,0.279934,501,c501-ia24-trim30tb-gaincal.dat,desy_weibull_decorr_pos,-4.62409,-0.196126,51.6709,57.6342,-0.699057,-0.00649749,-4.64538,-0.0439719,40,0
19850,019807,gear_desy2015_06c.xml,5.6,506,c506-ia24-trim32tb-nochill-gaincal.dat,desy_weibull_decorr_pos,0.280869,501,c501-ia24-trim30tb-gaincal.dat,desy_weibull_decorr_pos,-4.62359,-0.195049,51.585,57.6322,-0.704063,-0.00656708,-4.6456,-0.0439386,40,0
19851,019807,gear_desy2015_06c.xml,5.6,506,c506-ia24-trim32tb-nochill-gaincal.dat,desy_weibull_decorr_pos,0.280408,501,c501-ia24-trim30tb-gaincal.dat,desy_weibull_decorr_pos,-4.62282,-0.194522,51.6124,57.632,-0.709732,-0.00657884,-4.64553,-0.0440253,40,0
19852,019807,gear_desy2015_06c.xml,5.6,506,c506-ia24-trim32tb-nochill-gaincal.dat,desy_weibull_decorr_pos,0.278438,501,c501-ia24-trim30tb-gaincal.dat,desy_weibull_decorr_pos,-4.62303,-0.239623,51.793,59.4294,-0.712074,-0.00680976,-4.64552,-0.0445706,40,0
19853,019807,gear_desy2015_06c.xml,5.6,506,c506-ia24-trim32tb-nochill-gaincal.dat,desy_weibull_decorr_pos,0.279995,501,c501-ia24-trim30tb-gaincal.dat,desy_weibull_decorr_pos,-4.62241,-0.239106,51.8241,59.4271,-0.71577,-0.00674216,-4.64565,-0.0446108,40,0
19854,019807,gear_desy2015_06c.xml,5.6,506,c506-ia24-trim32tb-nochill-gaincal.dat,desy_weibull_decorr_pos,0.276917,501,c501-ia24-trim30tb-gaincal.dat,desy_weibull_decorr_pos,-4.62153,-0.287363,51.7285,61.2251,-0.737928,-0.00715285,-4.64574,-0.04531,40,0
19855,019807,gear_desy2015_06c.xml,5.6,506,c506-ia24-trim32tb-nochill-gaincal.dat,desy_weibull_decorr_pos,0.276482,501,c501-ia24-trim30tb-gaincal.dat,desy_weibull_decorr_pos,-4.62106,-0.286571,51.8576,61.2228,-0.746623,-0.00722021,-4.64565,-0.0450943,40,0
19856,019807,gear_desy2015_06c.xml,5.6,506,c506-ia24-trim32tb-nochill-gaincal.dat,desy_weibull_decorr_pos,0.27562,501,c501-ia24-trim30tb-gaincal.dat,desy_weibull_decorr_pos,-4.62108,-0.340649,51.7651,63.0288,-0.765522,-0.00764139,-4.64606,-0.0457981,40,0
19857,019807,gear_desy2015_06c.xml,5.6,506,c506-ia24-trim32tb-nochill-gaincal.dat,desy_weibull_decorr_pos,0.273502,501,c501-ia24-trim30tb-gaincal.dat,desy_weibull_decorr_pos,-4.6206,-0.340831,51.8192,63.0233,-0.766612,-0.00757169,-4.64573,-0.0458006,40,0


# JUNE 21
# no chiller, trim 28
19866,019866,gear_desy2015_06c.xml,5.6,506,c506-ia24-trim28tb-nochiller-gaincal.dat,desy_weibull_decorr_pos,0.277224,501,c501-ia24-trim30tb-gaincal.dat,desy_weibull_decorr_pos,-4.61096,0.198218,56.1046,33.3824,-0.571881,-0.0048368,-4.55208,-0.0362616,40,0
19867,019866,gear_desy2015_06c.xml,5.6,506,c506-ia24-trim28tb-nochiller-gaincal.dat,desy_weibull_decorr_pos,0.278738,501,c501-ia24-trim30tb-gaincal.dat,desy_weibull_decorr_pos,-4.61085,0.218076,56.078,31.5762,-0.560649,-0.00478463,-4.5518,-0.0362027,40,0
19868,019866,gear_desy2015_06c.xml,5.6,506,c506-ia24-trim28tb-nochiller-gaincal.dat,desy_weibull_decorr_pos,0.277758,501,c501-ia24-trim30tb-gaincal.dat,desy_weibull_decorr_pos,-4.61091,0.236966,56.1554,29.7643,-0.550457,-0.00466045,-4.55216,-0.0362038,40,0
19869,019866,gear_desy2015_06c.xml,5.6,506,c506-ia24-trim28tb-nochiller-gaincal.dat,desy_weibull_decorr_pos,0.279622,501,c501-ia24-trim30tb-gaincal.dat,desy_weibull_decorr_pos,-4.61018,0.256029,56.1067,27.9736,-0.543741,-0.00463586,-4.55209,-0.0364602,40,0
19870,019866,gear_desy2015_06c.xml,5.6,506,c506-ia24-trim28tb-nochiller-gaincal.dat,desy_weibull_decorr_pos,0.277789,501,c501-ia24-trim30tb-gaincal.dat,desy_weibull_decorr_pos,-4.60876,0.157255,56.1224,36.9355,-0.567947,-0.00489849,-4.5518,-0.0367735,40,0
19871,019866,gear_desy2015_06c.xml,5.6,506,c506-ia24-trim28tb-nochiller-gaincal.dat,desy_weibull_decorr_pos,0.278621,501,c501-ia24-trim30tb-gaincal.dat,desy_weibull_decorr_pos,-4.60812,0.136122,56.197,38.7302,-0.58678,-0.00505194,-4.55203,-0.037017,40,0
19872,019866,gear_desy2015_06c.xml,5.6,506,c506-ia24-trim28tb-nochiller-gaincal.dat,desy_weibull_decorr_pos,0.27679,501,c501-ia24-trim30tb-gaincal.dat,desy_weibull_decorr_pos,-4.60719,0.114286,56.1982,40.5237,-0.598637,-0.00517444,-4.55202,-0.0372545,40,0
19873,019866,gear_desy2015_06c.xml,5.6,506,c506-ia24-trim28tb-nochiller-gaincal.dat,desy_weibull_decorr_pos,0.278261,501,c501-ia24-trim30tb-gaincal.dat,desy_weibull_decorr_pos,-4.60814,0.237349,56.0519,29.7669,-0.554714,-0.00465822,-4.55218,-0.0367653,40,0
# more runs at 30deg overnight if needed...


# JUNE 22
# no chiller, trim 28
19928,019928,gear_desy2015_06c.xml,5.6,506,c506-ia24-trim28tb-nochiller-gaincal.dat,desy_weibull_decorr_pos,0.275556,501,c501-ia24-trim30tb-gaincal.dat,desy_weibull_decorr_pos,-4.63553,0.262833,56.1061,27.0801,-0.529938,-0.00455193,-4.55532,0.0433563,40,0
19929,019928,gear_desy2015_06c.xml,5.6,506,c506-ia24-trim28tb-nochiller-gaincal.dat,desy_weibull_decorr_pos,0.275792,501,c501-ia24-trim30tb-gaincal.dat,desy_weibull_decorr_pos,-4.63553,0.261375,56.0586,27.0796,-0.527927,-0.00454816,-4.55537,0.0432535,40,0
19930,019928,gear_desy2015_06c.xml,5.6,506,c506-ia24-trim28tb-nochiller-gaincal.dat,desy_weibull_decorr_pos,0.275043,501,c501-ia24-trim30tb-gaincal.dat,desy_weibull_decorr_pos,-4.63484,0.260499,56.034,27.0829,-0.536503,-0.00455286,-4.55528,0.0432391,40,0
19931,019928,gear_desy2015_06c.xml,5.6,506,c506-ia24-trim28tb-nochiller-gaincal.dat,desy_weibull_decorr_pos,0.275441,501,c501-ia24-trim30tb-gaincal.dat,desy_weibull_decorr_pos,-4.63424,0.25983,56.0849,27.0805,-0.533681,-0.00456544,-4.55533,0.0432276,40,0
19932,019928,gear_desy2015_06c.xml,5.6,506,c506-ia24-trim28tb-nochiller-gaincal.dat,desy_weibull_decorr_pos,0.275709,501,c501-ia24-trim30tb-gaincal.dat,desy_weibull_decorr_pos,-4.63343,0.259271,56.0504,27.0811,-0.530728,-0.00453181,-4.55524,0.0432329,40,0
19933,019928,gear_desy2015_06c.xml,5.6,506,c506-ia24-trim28tb-nochiller-gaincal.dat,desy_weibull_decorr_pos,0.276537,501,c501-ia24-trim30tb-gaincal.dat,desy_weibull_decorr_pos,-4.6328,0.259201,56.0471,27.0829,-0.52826,-0.00455013,-4.55547,0.0431434,40,0
19934,019928,gear_desy2015_06c.xml,5.6,506,c506-ia24-trim28tb-nochiller-gaincal.dat,desy_weibull_decorr_pos,0.277078,501,c501-ia24-trim30tb-gaincal.dat,desy_weibull_decorr_pos,-4.63203,0.258844,56.0814,27.0822,-0.536217,-0.00453613,-4.55528,0.0431907,40,0

19937,019928,gear_desy2015_06c.xml,5.6,506,c506-ia24-trim28tb-nochiller-gaincal.dat,desy_weibull_decorr_pos,0.27766,501,c501-ia24-trim30tb-gaincal.dat,desy_weibull_decorr_pos,-4.63098,0.268263,55.9481,26.1734,-0.533788,-0.00455623,-4.5555,0.0430871,40,0
19938,019928,gear_desy2015_06c.xml,5.6,506,c506-ia24-trim28tb-nochiller-gaincal.dat,desy_weibull_decorr_pos,0.27784,501,c501-ia24-trim30tb-gaincal.dat,desy_weibull_decorr_pos,-4.631,0.277402,55.9503,25.2692,-0.530615,-0.00450684,-4.55532,0.0430175,40,0
19939,019928,gear_desy2015_06c.xml,5.6,506,c506-ia24-trim28tb-nochiller-gaincal.dat,desy_weibull_decorr_pos,0.278267,501,c501-ia24-trim30tb-gaincal.dat,desy_weibull_decorr_pos,-4.63062,0.277573,56.0199,25.2734,-0.536338,-0.00454716,-4.55535,0.0430601,40,0
19940,019928,gear_desy2015_06c.xml,5.6,506,c506-ia24-trim28tb-nochiller-gaincal.dat,desy_weibull_decorr_pos,0.279029,501,c501-ia24-trim30tb-gaincal.dat,desy_weibull_decorr_pos,-4.63095,0.286644,55.9674,24.3713,-0.520967,-0.00446528,-4.55517,0.0429709,40,0
19941,019928,gear_desy2015_06c.xml,5.6,506,c506-ia24-trim28tb-nochiller-gaincal.dat,desy_weibull_decorr_pos,0.279089,501,c501-ia24-trim30tb-gaincal.dat,desy_weibull_decorr_pos,-4.6303,0.286723,55.9714,24.3711,-0.523476,-0.00448097,-4.55525,0.0429933,40,0
19942,019928,gear_desy2015_06c.xml,5.6,506,c506-ia24-trim28tb-nochiller-gaincal.dat,desy_weibull_decorr_pos,0.279673,501,c501-ia24-trim30tb-gaincal.dat,desy_weibull_decorr_pos,-4.63035,0.296038,55.937,23.4602,-0.524543,-0.00447664,-4.55544,0.0430592,40,0
19943,019928,gear_desy2015_06c.xml,5.6,506,c506-ia24-trim28tb-nochiller-gaincal.dat,desy_weibull_decorr_pos,0.279002,501,c501-ia24-trim30tb-gaincal.dat,desy_weibull_decorr_pos,-4.63,0.295916,56.0654,23.4598,-0.512349,-0.00446388,-4.55518,0.0428654,40,0

19945,019928,gear_desy2015_06c.xml,5.6,506,c506-ia24-trim28tb-nochiller-gaincal.dat,desy_weibull_decorr_pos,0.278729,501,c501-ia24-trim30tb-gaincal.dat,desy_weibull_decorr_pos,-4.62948,0.272978,56.1417,25.6965,-0.528007,-0.00452623,-4.5553,0.0428126,40,0
19946,019928,gear_desy2015_06c.xml,5.6,506,c506-ia24-trim28tb-nochiller-gaincal.dat,desy_weibull_decorr_pos,0.279148,501,c501-ia24-trim30tb-gaincal.dat,desy_weibull_decorr_pos,-4.62943,0.273082,56.0322,25.7007,-0.535441,-0.00454119,-4.55533,0.0430166,40,0
19947,019928,gear_desy2015_06c.xml,5.6,506,c506-ia24-trim28tb-nochiller-gaincal.dat,desy_weibull_decorr_pos,0.278645,501,c501-ia24-trim30tb-gaincal.dat,desy_weibull_decorr_pos,-4.62926,0.263712,56.081,26.6011,-0.532649,-0.00456049,-4.55536,0.0429371,40,0
19948,019928,gear_desy2015_06c.xml,5.6,506,c506-ia24-trim28tb-nochiller-gaincal.dat,desy_weibull_decorr_pos,0.278669,501,c501-ia24-trim30tb-gaincal.dat,desy_weibull_decorr_pos,-4.62847,0.263861,56.1275,26.6012,-0.537961,-0.00455017,-4.55528,0.0429685,40,0
19949,019928,gear_desy2015_06c.xml,5.6,506,c506-ia24-trim28tb-nochiller-gaincal.dat,desy_weibull_decorr_pos,0.278554,501,c501-ia24-trim30tb-gaincal.dat,desy_weibull_decorr_pos,-4.62798,0.263958,56.0372,26.6012,-0.539563,-0.00457175,-4.55526,0.0429415,40,0
19950,019928,gear_desy2015_06c.xml,5.6,506,c506-ia24-trim28tb-nochiller-gaincal.dat,desy_weibull_decorr_pos,0.27757,501,c501-ia24-trim30tb-gaincal.dat,desy_weibull_decorr_pos,-4.6277,0.263946,56.1032,26.5999,-0.529651,-0.00456621,-4.55534,0.0427782,40,0
19951,019928,gear_desy2015_06c.xml,5.6,506,c506-ia24-trim28tb-nochiller-gaincal.dat,desy_weibull_decorr_pos,0.27741,501,c501-ia24-trim30tb-gaincal.dat,desy_weibull_decorr_pos,-4.62783,0.254858,56.0571,27.4948,-0.540908,-0.00461448,-4.55536,0.0428605,40,0
19952,019928,gear_desy2015_06c.xml,5.6,506,c506-ia24-trim28tb-nochiller-gaincal.dat,desy_weibull_decorr_pos,0.276796,501,c501-ia24-trim30tb-gaincal.dat,desy_weibull_decorr_pos,-4.62753,0.255011,56.0611,27.4949,-0.541839,-0.00461492,-4.55526,0.042805,40,0
19953,019928,gear_desy2015_06c.xml,5.6,506,c506-ia24-trim28tb-nochiller-gaincal.dat,desy_weibull_decorr_pos,0.275339,501,c501-ia24-trim30tb-gaincal.dat,desy_weibull_decorr_pos,-4.62682,0.245919,56.0284,28.3833,-0.544238,-0.00463598,-4.55534,0.0427449,40,0
19954,019928,gear_desy2015_06c.xml,5.6,506,c506-ia24-trim28tb-nochiller-gaincal.dat,desy_weibull_decorr_pos,0.276667,501,c501-ia24-trim30tb-gaincal.dat,desy_weibull_decorr_pos,-4.62674,0.245874,56.1264,28.3851,-0.538244,-0.00463208,-4.55531,0.04294,40,0
19955,019928,gear_desy2015_06c.xml,5.6,506,c506-ia24-trim28tb-nochiller-gaincal.dat,desy_weibull_decorr_pos,0.276777,501,c501-ia24-trim30tb-gaincal.dat,desy_weibull_decorr_pos,-4.62633,0.236784,56.0752,29.2822,-0.548749,-0.00465644,-4.5554,0.042967,40,0
19956,019928,gear_desy2015_06c.xml,5.6,506,c506-ia24-trim28tb-nochiller-gaincal.dat,desy_weibull_decorr_pos,0.277118,501,c501-ia24-trim30tb-gaincal.dat,desy_weibull_decorr_pos,-4.62587,0.236616,56.0438,29.2825,-0.543022,-0.00461518,-4.55543,0.0429102,40,0
19957,019928,gear_desy2015_06c.xml,5.6,506,c506-ia24-trim28tb-nochiller-gaincal.dat,desy_weibull_decorr_pos,0.27773,501,c501-ia24-trim30tb-gaincal.dat,desy_weibull_decorr_pos,-4.62553,0.227336,56.096,30.1799,-0.554146,-0.0046986,-4.55528,0.0429306,40,0
19958,019928,gear_desy2015_06c.xml,5.6,506,c506-ia24-trim28tb-nochiller-gaincal.dat,desy_weibull_decorr_pos,0.275928,501,c501-ia24-trim30tb-gaincal.dat,desy_weibull_decorr_pos,-4.62554,0.227039,56.2738,30.1758,-0.545834,-0.00468207,-4.55543,0.0427527,40,0


# JUNE 24
# Alignment:
20143,020143,gear_desy2015_06d.xml,5.6,506,c506-ia24-trim28tb-nochiller-gaincal.dat,desy_weibull_decorr_pos,0.270679,501,c501-ia24-trim30tb-gaincal.dat,desy_weibull_decorr_pos,0.173739,0.321355,56.6535,26.0384,-0.20084,-0.00473667,0.543845,0.0599197,40,0

#20150,020143,gear_desy2015_06d.xml,5.6,506,c506-ia24-trim28tb-nochiller-gaincal.dat,desy_weibull_decorr_pos,0,501,c501-ia24-trim30tb-gaincal.dat,desy_weibull_decorr_pos,0.17748,-1.0574,57.6488,77.9288,-0.885431,-0.0152476,0.548286,0.0521938,40,0
#20151,020143,gear_desy2015_06d.xml,5.6,506,c506-ia24-trim28tb-nochiller-gaincal.dat,desy_weibull_decorr_pos,0.222,501,c501-ia24-trim30tb-gaincal.dat,desy_weibull_decorr_pos,0.177064,-1.34086,58.4591,79.9168,-1.03949,-0.0176614,0.54694,0.0530945,40,0
20152,020143,gear_desy2015_06d.xml,5.6,506,c506-ia24-trim28tb-nochiller-gaincal.dat,desy_weibull_decorr_pos,0.226454,501,c501-ia24-trim30tb-gaincal.dat,desy_weibull_decorr_pos,0.176957,-1.74244,58.7914,81.8796,-1.23048,-0.0211959,0.454324,0.0543671,40,0
#20153,020143,gear_desy2015_06d.xml,5.6,506,c506-ia24-trim28tb-nochiller-gaincal.dat,desy_weibull_decorr_pos,0,501,c501-ia24-trim30tb-gaincal.dat,desy_weibull_decorr_pos,0.178053,-1.75258,58.9812,81.8927,-1.25288,-0.0213788,0.454536,0.0544757,40,0
#20154,020143,gear_desy2015_06d.xml,5.6,506,c506-ia24-trim28tb-nochiller-gaincal.dat,desy_weibull_decorr_pos,0,501,c501-ia24-trim30tb-gaincal.dat,desy_weibull_decorr_pos,0.177936,-2.43281,59.2105,83.863,-1.64754,-0.0282534,0.455332,0.0565556,40,0
20155,020143,gear_desy2015_06d.xml,5.6,506,c506-ia24-trim28tb-nochiller-gaincal.dat,desy_weibull_decorr_pos,0.222713,501,c501-ia24-trim30tb-gaincal.dat,desy_weibull_decorr_pos,0.179866,-2.04943,59.1758,82.9092,-1.4118,-0.0244116,0.454806,0.0557613,40,0
#20156,020143,gear_desy2015_06d.xml,5.6,506,c506-ia24-trim28tb-nochiller-gaincal.dat,desy_weibull_decorr_pos,0,501,c501-ia24-trim30tb-gaincal.dat,desy_weibull_decorr_pos,0.180894,-2.05207,58.9721,82.9075,-1.38962,-0.0239419,0.45481,0.0558442,40,0
#20157,020143,gear_desy2015_06d.xml,5.6,506,c506-ia24-trim28tb-nochiller-gaincal.dat,desy_weibull_decorr_pos,0,501,c501-ia24-trim30tb-gaincal.dat,desy_weibull_decorr_pos,0.182421,-1.52846,58.7231,80.9309,-1.12567,-0.0193744,0.546633,0.0537091,40,0
#20158,020143,gear_desy2015_06d.xml,5.6,506,c506-ia24-trim28tb-nochiller-gaincal.dat,desy_weibull_decorr_pos,0,501,c501-ia24-trim30tb-gaincal.dat,desy_weibull_decorr_pos,0.183714,-1.18524,58.0399,78.9462,-0.959433,-0.0165161,0.547615,0.0526069,40,0
#20159,020143,gear_desy2015_06d.xml,5.6,506,c506-ia24-trim28tb-nochiller-gaincal.dat,desy_weibull_decorr_pos,0,501,c501-ia24-trim30tb-gaincal.dat,desy_weibull_decorr_pos,0.18467,-1.18621,58.3823,78.9492,-0.967234,-0.0165721,0.547715,0.0526705,40,0
#20160,020143,gear_desy2015_06d.xml,5.6,506,c506-ia24-trim28tb-nochiller-gaincal.dat,desy_weibull_decorr_pos,0,501,c501-ia24-trim30tb-gaincal.dat,desy_weibull_decorr_pos,0.185944,-0.945443,58.089,76.9673,-0.838543,-0.0142366,0.548444,0.0523043,40,0
#20161,020143,gear_desy2015_06d.xml,5.6,506,c506-ia24-trim28tb-nochiller-gaincal.dat,desy_weibull_decorr_pos,0,501,c501-ia24-trim30tb-gaincal.dat,desy_weibull_decorr_pos,0.185547,-0.943627,57.9403,76.963,-0.828832,-0.014349,0.548325,0.0523551,40,0


# JUNE 25
20165,020143,gear_desy2015_06d.xml,5.6,506,c506-ia24-trim28tb-nochiller-gaincal.dat,desy_weibull_decorr_pos,0.271522,501,c501-ia24-trim30tb-gaincal.dat,desy_weibull_decorr_pos,0.169201,0.361473,56.6319,22.0085,-0.185893,-0.00457082,0.54378,0.0613687,40,0
20166,020143,gear_desy2015_06d.xml,5.6,506,c506-ia24-trim28tb-nochiller-gaincal.dat,desy_weibull_decorr_pos,0.273091,501,c501-ia24-trim30tb-gaincal.dat,desy_weibull_decorr_pos,0.169481,0.361304,56.5611,21.999,-0.197487,-0.00459354,0.543832,0.0609838,40,0
20167,020143,gear_desy2015_06d.xml,5.6,506,c506-ia24-trim28tb-nochiller-gaincal.dat,desy_weibull_decorr_pos,0.273651,501,c501-ia24-trim30tb-gaincal.dat,desy_weibull_decorr_pos,0.170077,0.370668,56.5681,21.0119,-0.205595,-0.00458776,0.543814,0.060544,40,0
20168,020143,gear_desy2015_06d.xml,5.6,506,c506-ia24-trim28tb-nochiller-gaincal.dat,desy_weibull_decorr_pos,0.273614,501,c501-ia24-trim30tb-gaincal.dat,desy_weibull_decorr_pos,0.170773,0.370469,56.5418,21.0115,-0.183729,-0.00450879,0.543925,0.0605889,40,0

20170,020143,gear_desy2015_06d.xml,5.6,506,c506-ia24-trim28tb-nochiller-gaincal.dat,desy_weibull_decorr_pos,0.274692,501,c501-ia24-trim30tb-gaincal.dat,desy_weibull_decorr_pos,0.171646,0.379331,56.5835,20.0187,-0.180811,-0.00452366,0.543728,0.0601384,40,0
20171,020143,gear_desy2015_06d.xml,5.6,506,c506-ia24-trim28tb-nochiller-gaincal.dat,desy_weibull_decorr_pos,0.275889,501,c501-ia24-trim30tb-gaincal.dat,desy_weibull_decorr_pos,0.172342,0.388558,56.5769,19.014,-0.184712,-0.00457218,0.543981,0.0599316,40,0
20172,020143,gear_desy2015_06d.xml,5.6,506,c506-ia24-trim28tb-nochiller-gaincal.dat,desy_weibull_decorr_pos,0.275543,501,c501-ia24-trim30tb-gaincal.dat,desy_weibull_decorr_pos,0.172736,0.388441,56.5552,19.0172,-0.190034,-0.00451451,0.543818,0.0598639,40,0

20174,020143,gear_desy2015_06d.xml,5.6,506,c506-ia24-trim28tb-nochiller-gaincal.dat,desy_weibull_decorr_pos,0.273558,501,c501-ia24-trim30tb-gaincal.dat,desy_weibull_decorr_pos,0.173295,0.397936,56.5188,18.0048,-0.16794,-0.00447219,0.543759,0.0599896,40,0
20175,020143,gear_desy2015_06d.xml,5.6,506,c506-ia24-trim28tb-nochiller-gaincal.dat,desy_weibull_decorr_pos,0.273319,501,c501-ia24-trim30tb-gaincal.dat,desy_weibull_decorr_pos,0.173914,0.39796,56.3735,18.0242,-0.175052,-0.00452965,0.543727,0.0597035,40,0
20176,020143,gear_desy2015_06d.xml,5.6,506,c506-ia24-trim28tb-nochiller-gaincal.dat,desy_weibull_decorr_pos,0.274193,501,c501-ia24-trim30tb-gaincal.dat,desy_weibull_decorr_pos,0.174331,0.407535,56.3516,17.009,-0.174905,-0.00450332,0.543824,0.0597533,40,0
20177,020143,gear_desy2015_06d.xml,5.6,506,c506-ia24-trim28tb-nochiller-gaincal.dat,desy_weibull_decorr_pos,0.274294,501,c501-ia24-trim30tb-gaincal.dat,desy_weibull_decorr_pos,0.174951,0.40742,56.348,17.0091,-0.167191,-0.00448453,0.543978,0.0598943,40,0
20178,020143,gear_desy2015_06d.xml,5.6,506,c506-ia24-trim28tb-nochiller-gaincal.dat,desy_weibull_decorr_pos,0.274998,501,c501-ia24-trim30tb-gaincal.dat,desy_weibull_decorr_pos,0.174733,0.426563,56.2777,14.9875,-0.158751,-0.0044496,0.543766,0.0598374,40,0
20179,020143,gear_desy2015_06d.xml,5.6,506,c506-ia24-trim28tb-nochiller-gaincal.dat,desy_weibull_decorr_pos,0.274693,501,c501-ia24-trim30tb-gaincal.dat,desy_weibull_decorr_pos,0.175641,0.426465,56.3963,14.9966,-0.160641,-0.00447358,0.544006,0.0597888,40,0


# July 11
# Chip 506, beam 5.2GeV, vicolor 255, 
#low statistics 20744,020744,gear_desy2015_07a.xml,5.2,506,c506-ia24-trim28tb-nochiller-gaincal.dat,desy_weibull_decorr_pos,0,501,c501-ia24-trim30tb-gaincal.dat,desy_weibull_decorr_pos,0.17569,0.424677,56.5158,27.0966,-0.162641,-0.00448626,0.544006,0.0597888,40,0
20749,020749,gear_desy2015_07a.xml,5.2,506,c506-ia24-trim28tb-nochiller-gaincal.dat,desy_weibull_decorr_pos,0.28338,501,c501-ia24-trim30tb-gaincal.dat,desy_weibull_decorr_pos,-0.164125,0.311073,51.494,27.5706,-0.246927,-0.00400114,0.453565,-0.0561969,40,0

20750,020749,gear_desy2015_07a.xml,5.2,506,c506-ia24-trim28tb-nochiller-gaincal.dat,desy_weibull_decorr_pos,0.279048,501,c501-ia24-trim30tb-gaincal.dat,desy_weibull_decorr_pos,-0.161309,0.175274,51.5775,40.5285,-0.305974,-0.00464056,0.453506,-0.0564313,40,0
20751,020749,gear_desy2015_07a.xml,5.2,506,c506-ia24-trim28tb-nochiller-gaincal.dat,desy_weibull_decorr_pos,0.278265,501,c501-ia24-trim30tb-gaincal.dat,desy_weibull_decorr_pos,-0.16136,0.151173,51.4994,42.5386,-0.317879,-0.00478634,0.45385,-0.0564205,40,0
20752,020749,gear_desy2015_07a.xml,5.2,506,c506-ia24-trim28tb-nochiller-gaincal.dat,desy_weibull_decorr_pos,0.277663,501,c501-ia24-trim30tb-gaincal.dat,desy_weibull_decorr_pos,-0.160534,0.126704,51.3795,44.5387,-0.322989,-0.00490408,0.453672,-0.0565261,40,0
20753,020749,gear_desy2015_07a.xml,5.2,506,c506-ia24-trim28tb-nochiller-gaincal.dat,desy_weibull_decorr_pos,0.276609,501,c501-ia24-trim30tb-gaincal.dat,desy_weibull_decorr_pos,-0.159849,0.10059,51.6305,46.5283,-0.338383,-0.00506758,0.453778,-0.0564674,40,0
20754,020749,gear_desy2015_07a.xml,5.2,506,c506-ia24-trim28tb-nochiller-gaincal.dat,desy_weibull_decorr_pos,0.276036,501,c501-ia24-trim30tb-gaincal.dat,desy_weibull_decorr_pos,-0.159245,0.0729719,51.5723,48.5366,-0.353722,-0.00526963,0.453816,-0.0563721,40,0
20755,020749,gear_desy2015_07a.xml,5.2,506,c506-ia24-trim28tb-nochiller-gaincal.dat,desy_weibull_decorr_pos,0.275193,501,c501-ia24-trim30tb-gaincal.dat,desy_weibull_decorr_pos,-0.1603,0.0434558,51.449,50.5331,-0.372946,-0.00550859,0.453979,-0.0561731,40,0
20756,020749,gear_desy2015_07a.xml,5.2,506,c506-ia24-trim28tb-nochiller-gaincal.dat,desy_weibull_decorr_pos,0.274651,501,c501-ia24-trim30tb-gaincal.dat,desy_weibull_decorr_pos,-0.161103,0.0116671,51.4723,52.5287,-0.381054,-0.00570916,0.454023,-0.0560202,40,0
20757,020749,gear_desy2015_07a.xml,5.2,506,c506-ia24-trim28tb-nochiller-gaincal.dat,desy_weibull_decorr_pos,0.27329,501,c501-ia24-trim30tb-gaincal.dat,desy_weibull_decorr_pos,-0.161335,-0.0223947,51.7398,54.5121,-0.394806,-0.00589628,0.453921,-0.0556932,40,0
20758,020749,gear_desy2015_07a.xml,5.2,506,c506-ia24-trim28tb-nochiller-gaincal.dat,desy_weibull_decorr_pos,0.272617,501,c501-ia24-trim30tb-gaincal.dat,desy_weibull_decorr_pos,-0.161457,-0.0590337,51.4682,56.5196,-0.411521,-0.00611588,0.454082,-0.0555575,40,0
20759,020749,gear_desy2015_07a.xml,5.2,506,c506-ia24-trim28tb-nochiller-gaincal.dat,desy_weibull_decorr_pos,0.272529,501,c501-ia24-trim30tb-gaincal.dat,desy_weibull_decorr_pos,-0.160776,-0.100153,51.7539,58.5251,-0.435313,-0.00650928,0.454039,-0.0552826,40,0
20760,020749,gear_desy2015_07a.xml,5.2,506,c506-ia24-trim28tb-nochiller-gaincal.dat,desy_weibull_decorr_pos,0.271556,501,c501-ia24-trim30tb-gaincal.dat,desy_weibull_decorr_pos,-0.161495,-0.145001,51.7461,60.52,-0.466814,-0.00691551,0.453823,-0.0547457,40,0
20761,020749,gear_desy2015_07a.xml,5.2,506,c506-ia24-trim28tb-nochiller-gaincal.dat,desy_weibull_decorr_pos,0.269147,501,c501-ia24-trim30tb-gaincal.dat,desy_weibull_decorr_pos,-0.162209,-0.194745,51.5771,62.5084,-0.487801,-0.00731301,0.453807,-0.0546067,40,0
20762,020749,gear_desy2015_07a.xml,5.2,506,c506-ia24-trim28tb-nochiller-gaincal.dat,desy_weibull_decorr_pos,0.267518,501,c501-ia24-trim30tb-gaincal.dat,desy_weibull_decorr_pos,-0.162279,-0.251045,52.0142,64.5103,-0.514458,-0.00781384,0.453816,-0.0539146,40,0
20763,020749,gear_desy2015_07a.xml,5.2,506,c506-ia24-trim28tb-nochiller-gaincal.dat,desy_weibull_decorr_pos,0.266396,501,c501-ia24-trim30tb-gaincal.dat,desy_weibull_decorr_pos,-0.162781,-0.315654,52.1055,66.5064,-0.551949,-0.00828276,0.453401,-0.0533057,40,0
20764,020749,gear_desy2015_07a.xml,5.2,506,c506-ia24-trim28tb-nochiller-gaincal.dat,desy_weibull_decorr_pos,0.264354,501,c501-ia24-trim30tb-gaincal.dat,desy_weibull_decorr_pos,-0.162833,-0.390855,52.0213,68.4893,-0.594199,-0.00904405,0.453211,-0.0531096,40,0
20765,020749,gear_desy2015_07a.xml,5.2,506,c506-ia24-trim28tb-nochiller-gaincal.dat,desy_weibull_decorr_pos,0.263075,501,c501-ia24-trim30tb-gaincal.dat,desy_weibull_decorr_pos,-0.161935,-0.480117,52.1998,70.4917,-0.651208,-0.00998446,0.452693,-0.0526898,40,0
20766,020749,gear_desy2015_07a.xml,5.2,506,c506-ia24-trim28tb-nochiller-gaincal.dat,desy_weibull_decorr_pos,0.26068,501,c501-ia24-trim30tb-gaincal.dat,desy_weibull_decorr_pos,-0.15992,-0.580071,52.4176,72.4923,-0.706608,-0.0109429,0.452825,-0.0521357,40,0
20767,020749,gear_desy2015_07a.xml,5.2,506,c506-ia24-trim28tb-nochiller-gaincal.dat,desy_weibull_decorr_pos,0.257113,501,c501-ia24-trim30tb-gaincal.dat,desy_weibull_decorr_pos,-0.160214,-0.713553,52.6845,74.4828,-0.802408,-0.0126088,0.452413,-0.0518951,40,0
20768,020749,gear_desy2015_07a.xml,5.2,506,c506-ia24-trim28tb-nochiller-gaincal.dat,desy_weibull_decorr_pos,0.252625,501,c501-ia24-trim30tb-gaincal.dat,desy_weibull_decorr_pos,-0.159706,-0.882858,52.9844,76.4585,-0.880275,-0.0140398,0.452165,-0.0522309,40,0
20769,020749,gear_desy2015_07a.xml,5.2,506,c506-ia24-trim28tb-nochiller-gaincal.dat,desy_weibull_decorr_pos,0.248235,501,c501-ia24-trim30tb-gaincal.dat,desy_weibull_decorr_pos,-0.158952,-1.10482,53.0534,78.4658,-1.04955,-0.0165289,0.452067,-0.0525316,40,0
20770,020749,gear_desy2015_07a.xml,5.2,506,c506-ia24-trim28tb-nochiller-gaincal.dat,desy_weibull_decorr_pos,0.243584,501,c501-ia24-trim30tb-gaincal.dat,desy_weibull_decorr_pos,-0.144947,-1.13035,53.27,79.4047,-1.15593,-0.0183133,0.452328,-0.0525933,40,0
20771,020749,gear_desy2015_07a.xml,5.2,506,c506-ia24-trim28tb-nochiller-gaincal.dat,desy_weibull_decorr_pos,0.240512,501,c501-ia24-trim30tb-gaincal.dat,desy_weibull_decorr_pos,-0.129571,-1.17898,53.5661,80.3576,-1.31314,-0.020711,0.452027,-0.0527628,40,0
20772,020749,gear_desy2015_07a.xml,5.2,506,c506-ia24-trim28tb-nochiller-gaincal.dat,desy_weibull_decorr_pos,0.236691,501,c501-ia24-trim30tb-gaincal.dat,desy_weibull_decorr_pos,-0.114911,-1.26596,53.8317,81.3258,-1.5124,-0.0239306,0.452382,-0.0527749,40,0
20773,020749,gear_desy2015_07a.xml,5.2,506,c506-ia24-trim28tb-nochiller-gaincal.dat,desy_weibull_decorr_pos,0.232708,501,c501-ia24-trim30tb-gaincal.dat,desy_weibull_decorr_pos,-0.0674094,-1.2262,53.9709,82.2513,-1.76887,-0.0282119,0.452429,-0.0528026,40,0
20774,020749,gear_desy2015_07a.xml,5.2,506,c506-ia24-trim28tb-nochiller-gaincal.dat,desy_weibull_decorr_pos,0.226707,501,c501-ia24-trim30tb-gaincal.dat,desy_weibull_decorr_pos,-0.0633749,-1.48178,54.3299,83.242,-2.06675,-0.0331051,0.452344,-0.0528582,40,0
20775,020749,gear_desy2015_07a.xml,5.2,506,c506-ia24-trim28tb-nochiller-gaincal.dat,desy_weibull_decorr_pos,0.221603,501,c501-ia24-trim30tb-gaincal.dat,desy_weibull_decorr_pos,-0.0530865,-2.09357,54.8252,84.2432,-2.37625,-0.0388,0.452796,-0.0532226,40,0
20776,020749,gear_desy2015_07a.xml,5.2,506,c506-ia24-trim28tb-nochiller-gaincal.dat,desy_weibull_decorr_pos,0.263802,501,c501-ia24-trim30tb-gaincal.dat,desy_weibull_decorr_pos,-0.146619,-0.280089,51.7627,65.5083,-0.529123,-0.00795364,0.453377,-0.0540307,40,0
20777,020749,gear_desy2015_07a.xml,5.2,506,c506-ia24-trim28tb-nochiller-gaincal.dat,desy_weibull_decorr_pos,0.26742,501,c501-ia24-trim30tb-gaincal.dat,desy_weibull_decorr_pos,-0.145833,-0.221025,52.0076,63.5291,-0.495424,-0.00743068,0.453649,-0.0544281,40,0
20778,020749,gear_desy2015_07a.xml,5.2,506,c506-ia24-trim28tb-nochiller-gaincal.dat,desy_weibull_decorr_pos,0.270772,501,c501-ia24-trim30tb-gaincal.dat,desy_weibull_decorr_pos,-0.145451,-0.168133,51.8637,61.5377,-0.471301,-0.00692229,0.454038,-0.055225,40,0
20779,020749,gear_desy2015_07a.xml,5.2,506,c506-ia24-trim28tb-nochiller-gaincal.dat,desy_weibull_decorr_pos,0.273597,501,c501-ia24-trim30tb-gaincal.dat,desy_weibull_decorr_pos,-0.145965,-0.119507,51.699,59.532,-0.447024,-0.00664338,0.454041,-0.0556142,40,0

